symbol,timestamp,open,high,low,close,volume,trade_count,vwap,Lowest_5D,High_5D,Lowest_15D,High_15D,Stochastic_5,Stochastic_15,Stochastic_%D_5,Stochastic_%D_15,Stochastic_Ratio,TP,sma,mad,CCI,prev_close,Actual Returns,TR,ATR_12,ATR_26,ATR_Ratio
AMC,2022-02-10 05:00:00+00:00,17.89,20.96,17.85,18.59,98130494,503991,19.51138,,,,,,,,,,19.133333333333336,,,,,,,,,
AMC,2022-02-11 05:00:00+00:00,18.62,19.66,18.331,18.81,67360326,362408,18.964332,,,,,,,,,,18.933666666666667,,,,18.59,0.011834319526627057,1.3290000000000006,,,
AMC,2022-02-14 05:00:00+00:00,18.9,19.36,17.66,17.75,45339056,266340,18.414971,,,,,,,,,,18.256666666666664,,,,18.81,-0.05635300372142471,1.6999999999999993,,,
AMC,2022-02-15 05:00:00+00:00,18.05,19.55,17.96,19.48,39409842,215311,18.718277,,,,,,,,,,18.99666666666667,,,,17.75,0.09746478873239428,1.8000000000000007,,,
AMC,2022-02-16 05:00:00+00:00,19.35,20.58,19.26,19.67,48916954,281355,19.876026,,,,,,,,,,19.83666666666667,,,,19.48,0.009753593429158158,1.3199999999999967,,,
AMC,2022-02-17 05:00:00+00:00,19.48,20.21,18.47,18.94,39697936,242937,19.455578,,,,,,,,,,19.206666666666667,,,,19.67,-0.03711235383833256,1.740000000000002,,,
AMC,2022-02-18 05:00:00+00:00,19.0,19.2,17.685,17.9,31291847,217117,18.151803,,,,,,,,,,18.261666666666667,,,,18.94,-0.05491024287222823,1.5150000000000006,,,
AMC,2022-02-22 05:00:00+00:00,17.32,18.13,16.11,16.47,41788146,267254,17.024371,,,,,,,,,,16.903333333333332,,,,17.9,-0.07988826815642458,2.0199999999999996,,,
AMC,2022-02-23 05:00:00+00:00,16.78,17.02,15.62,15.73,29542030,198903,16.122929,,,,,,,,,,16.123333333333335,,,,16.47,-0.04493017607771699,1.4000000000000004,,,
AMC,2022-02-24 05:00:00+00:00,15.03,17.77,14.96,17.68,54272202,324622,16.360846,,,,,,,,,,16.803333333333335,,,,15.73,0.12396694214876036,2.8099999999999987,,,
AMC,2022-02-25 05:00:00+00:00,17.71,17.86,16.53,17.66,35723584,237909,17.213199,,,,,,,,,,17.349999999999998,,,,17.68,-0.0011312217194570096,1.3299999999999983,,,
AMC,2022-02-28 05:00:00+00:00,17.96,19.34,17.61,18.86,41363755,277619,18.538548,14.96,20.96,,,64.99999999999999,,,,,18.603333333333335,,,,17.66,0.06795016987542457,1.7300000000000004,,,
AMC,2022-03-01 05:00:00+00:00,19.04,19.43,17.83,18.32,42770137,280661,18.482919,14.96,20.58,,,59.78647686832742,,,,,18.526666666666667,,,,18.86,-0.028632025450689214,1.6000000000000014,1.6911666666666665,,
AMC,2022-03-02 05:00:00+00:00,17.98,18.6901,17.31,18.53,34367651,237857,18.105076,14.96,20.58,,,63.5231316725979,,,,,18.1767,,,,18.32,0.011462882096069826,1.3801000000000023,1.6954250000000002,,
AMC,2022-03-03 05:00:00+00:00,18.68,18.7,17.7975,18.06,24170681,179871,18.182958,14.96,20.58,,,55.160142348754434,,,,,18.185833333333335,,,,18.53,-0.025364274150027066,0.9024999999999999,1.628966666666667,,
AMC,2022-03-04 05:00:00+00:00,18.18,18.32,16.35,16.57,38760042,279946,17.079658,14.96,20.58,,,28.647686832740217,,54.42348754448399,,,17.080000000000002,,,,18.06,-0.08250276854928007,1.9699999999999989,1.6431333333333331,,
AMC,2022-03-07 05:00:00+00:00,16.93,17.1,14.8995,15.21,38562364,289322,16.016442,14.8995,20.21,,,5.8469070708972986,,42.59286895866345,,,15.736500000000001,,,,16.57,-0.08207604103802046,2.2005000000000017,1.7165083333333335,,
AMC,2022-03-08 05:00:00+00:00,15.11,16.26,14.3801,15.39,34324450,210432,15.36802,14.3801,19.43,,,19.99841581021407,,34.635256747040785,,,15.343366666666668,,,,15.21,0.01183431952662728,1.879900000000001,1.7281666666666669,,
AMC,2022-03-09 05:00:00+00:00,15.62,16.27,15.425,15.71,24645253,166209,15.852122,14.3801,19.43,,,26.335174953959495,,27.197665403313103,,,15.801666666666668,,,,15.39,0.02079272254710851,0.879999999999999,1.6752500000000001,,
AMC,2022-03-10 05:00:00+00:00,15.61,15.81,14.78,15.32,25346133,171953,15.191127,14.3801,19.43,,,18.61224974751975,,19.888086883066165,,,15.303333333333333,,,,15.71,-0.024824952259707267,1.0300000000000011,1.5927500000000003,,
AMD,2022-02-10 05:00:00+00:00,128.63,131.7589,124.61,125.77,107972184,781127,128.909135,,,,,,,,,,127.37963333333333,,,,,,,,,
AMD,2022-02-11 05:00:00+00:00,126.09,127.1699,111.81,113.18,162081446,1180427,117.685756,,,,,,,,,,117.38663333333334,,,,125.77,-0.10010336328218172,15.359899999999996,,,
AMD,2022-02-14 05:00:00+00:00,115.4,118.37,113.46,114.4596,127152619,864770,116.139116,,,,,,,,,,115.42986666666665,,,,113.18,0.0113058844318783,5.189999999999998,,,
AMD,2022-02-15 05:00:00+00:00,117.12,121.88,114.36,121.47,143013208,801936,118.514777,,,,,,,,,,119.23666666666668,,,,114.4596,0.06124781145487135,7.519999999999996,,,
AMD,2022-02-16 05:00:00+00:00,118.96,119.54,114.22,117.69,117875617,690178,116.90049,,,,,,,,,,117.14999999999999,,,,121.47,-0.031118794764139257,7.25,,,
AMD,2022-02-17 05:00:00+00:00,116.23,116.98,112.26,112.37,97361771,586010,114.602751,,,,,,,,,,113.87,,35.7801171597633,,117.69,-0.045203500722236334,5.429999999999993,,,
AMD,2022-02-18 05:00:00+00:00,114.0,115.635,109.89,113.83,113057974,718045,112.782771,,,,,,,,,,113.11833333333334,,39.39007613412229,,112.37,0.012992791670374704,5.7450000000000045,,,
AMD,2022-02-22 05:00:00+00:00,115.2,119.2,113.61,115.65,139475466,873848,116.242991,,,,,,,,,,116.15333333333335,,42.600812228796855,,113.83,0.01598875516120546,5.590000000000003,,,
AMD,2022-02-23 05:00:00+00:00,117.39,118.65,109.04,109.76,118694450,744073,113.19605,,,,,,,,,,112.48333333333333,,45.03367159763313,,115.65,-0.050929528750540465,9.61,,,
AMD,2022-02-24 05:00:00+00:00,104.6,116.96,104.26,116.51,142101120,952991,111.266701,,,,,,,,,,112.57666666666667,,46.93528836291913,,109.76,0.06149781341107863,12.699999999999989,,,
AMD,2022-02-25 05:00:00+00:00,117.0,121.23,116.0421,121.06,125077747,775524,119.351329,,,,,,,,,,119.44403333333334,,48.615279388560154,,116.51,0.039052441850484954,5.187899999999999,,,
AMD,2022-02-28 05:00:00+00:00,120.3,124.61,119.2,123.34,122149646,691294,122.24072,104.26,131.7589,,,69.38459356556078,,,,,122.38333333333333,,49.8052570019724,,121.06,0.018833636213447802,5.409999999999997,,,
AMD,2022-03-01 05:00:00+00:00,122.26,122.43,112.8,113.83,123964647,812951,116.860055,104.26,127.1699,,,41.77233423105293,,,,,116.35333333333334,,50.11645256410257,,123.34,-0.07710394032754986,10.540000000000006,7.961066666666665,,
AMD,2022-03-02 05:00:00+00:00,115.5,119.48,113.31,118.28,116620869,685009,116.754973,104.26,124.61,,,68.8943488943489,,,,,117.02333333333335,,49.81474871794872,,113.83,0.03909338487217773,6.170000000000002,7.195241666666665,,
AMD,2022-03-03 05:00:00+00:00,118.11,118.26,111.05,111.98,122091051,743704,113.636946,104.26,124.61,,,37.93611793611794,,,,,113.76333333333334,,48.779908777120305,,118.28,-0.05326344267839023,7.230000000000004,7.365241666666666,,
AMD,2022-03-04 05:00:00+00:00,112.0,113.0,106.81,108.41,98946166,654647,109.070561,104.26,124.61,,,20.393120393120356,,47.67610300404018,,,109.40666666666668,,47.07061124260354,,111.98,-0.03188069298088947,6.189999999999998,7.254408333333333,,
AMD,2022-03-07 05:00:00+00:00,108.6,109.53,102.82,102.95,90874040,638430,105.514637,102.82,124.61,,,0.5966039467646151,,33.918505080280944,,,105.10000000000001,,44.726185502958586,,108.41,-0.05036435753159296,6.710000000000008,7.209408333333333,,
AMD,2022-03-08 05:00:00+00:00,102.79,109.9,100.08,105.53,132436119,814462,105.150356,100.08,124.61,,,22.217692621280076,,30.007576758326376,,,105.17,,41.930931360946744,,102.95,0.02506070908207869,9.820000000000007,7.575241666666668,,
AMD,2022-03-09 05:00:00+00:00,108.47,111.71,106.85,111.05,100691679,585668,109.625587,100.08,124.61,,,44.72075010191601,,25.172856999839798,,,109.87,,38.716476035502964,,105.53,0.05230740073912621,6.179999999999993,7.611491666666667,,
AMD,2022-03-10 05:00:00+00:00,108.88,109.07,103.07,106.46,101550999,627819,105.337509,100.08,124.61,,,26.008968609865452,,22.7874271345893,,,106.19999999999999,,34.87567159763314,,111.05,-0.04133273300315177,7.980000000000004,7.8106583333333335,,
ASND,2022-02-10 05:00:00+00:00,123.55,128.55,122.645,123.51,226732,3299,125.721661,,,,,,,,,,124.90166666666666,,30.791238560157804,,,,,,,
ASND,2022-02-11 05:00:00+00:00,126.045,128.97,121.93,122.84,97564,2622,124.086871,,,,,,,,,,124.58,,25.999566863905336,,123.51,-0.005424661970690692,7.039999999999992,,,
ASND,2022-02-14 05:00:00+00:00,125.6,125.865,121.03,121.74,151820,3349,123.327614,,,,,,,,,,122.87833333333333,,20.46527534516768,,122.84,-0.008954737870400575,4.834999999999994,,,
ASND,2022-02-15 05:00:00+00:00,125.87,127.0,121.83,122.59,221578,4378,124.029212,,,,,,,,,,123.80666666666666,,14.931659270216961,,121.74,0.006982092985050148,5.260000000000005,,,
ASND,2022-02-16 05:00:00+00:00,123.33,124.8,114.43,117.71,331548,6867,117.319056,,,,,,,,,,118.98,,9.444943786982256,,122.59,-0.03980748837588721,10.36999999999999,,,
ASND,2022-02-17 05:00:00+00:00,116.82,119.81,114.21,114.74,221324,4518,115.818479,,,,,,,,,,116.25333333333333,,4.70148560157791,,117.71,-0.025231501146886437,5.6000000000000085,,,
ASND,2022-02-18 05:00:00+00:00,113.13,114.61,109.69,111.99,205039,5936,112.068884,,,,,,,,,,112.09666666666668,,4.470946351084813,,114.74,-0.023967230259717587,5.049999999999997,,,
ASND,2022-02-22 05:00:00+00:00,111.41,113.67,108.0884,111.02,119980,3383,111.851349,,,,,,,,,,110.92613333333333,,4.58802051282051,,111.99,-0.008661487632824372,5.581600000000009,,,
ASND,2022-02-23 05:00:00+00:00,112.03,112.3,105.5,107.3,298586,5283,107.584694,,,,,,,,,,108.36666666666667,,4.853701282051281,,111.02,-0.03350747613042693,6.799999999999997,,,
ASND,2022-02-24 05:00:00+00:00,103.81,109.8,103.81,107.19,424575,7372,107.574954,,,,,,,,,,106.93333333333334,,4.970797435897435,,107.3,-0.0010251630941285894,5.989999999999995,,,
ASND,2022-02-25 05:00:00+00:00,107.73,109.16,106.23,108.52,238929,5841,107.893356,,,,,,,,,,107.96999999999998,,5.073958678500986,,107.19,0.012407873868831132,2.9299999999999926,,,
ASND,2022-02-28 05:00:00+00:00,107.02,113.935,107.34,112.39,267369,6311,112.42856,103.81,128.97,,,34.10174880763116,,,,,111.22166666666668,,5.160147041420121,,108.52,0.0356616291927756,6.594999999999999,,,
ASND,2022-03-01 05:00:00+00:00,113.11,117.0,108.06,108.83,301204,6111,110.197201,103.81,128.97,,,19.95230524642288,,,,,111.29666666666667,,5.219432051282051,,112.39,-0.03167541596227419,8.939999999999998,6.249299999999998,,
ASND,2022-03-02 05:00:00+00:00,106.56,109.41,105.625,106.48,552181,8544,106.474215,103.81,127.0,,,11.513583441138431,,,,,107.17166666666667,,5.3278886587771215,,108.83,-0.021593310668014287,3.7849999999999966,5.978049999999999,,
ASND,2022-03-03 05:00:00+00:00,107.24,108.5,102.0,105.52,415783,7763,105.604876,102.0,127.0,,,14.079999999999984,,,,,105.33999999999999,,5.560364003944773,,106.48,-0.009015777610818954,6.5,6.116799999999999,,
ASND,2022-03-04 05:00:00+00:00,106.5,106.8,102.25,104.53,233059,5296,104.198788,102.0,124.8,,,11.096491228070182,,18.148825744652527,,,104.52666666666669,,5.822346252465479,,105.52,-0.009382107657316063,4.549999999999997,6.057633333333332,,
ASND,2022-03-07 05:00:00+00:00,105.05,105.88,103.22,105.56,172775,3946,104.49118,102.0,119.81,,,19.988770353733866,,15.326230053873067,,,104.88666666666666,,5.769069033530574,,104.53,0.009853630536688085,2.6599999999999966,5.4151333333333325,,
ASND,2022-03-08 05:00:00+00:00,105.46,108.5295,104.99,105.77,237398,4090,106.46903,102.0,117.0,,,25.133333333333308,,16.362435671255152,,,106.42983333333332,,5.4497840236686415,,105.56,0.0019893899204244114,3.539500000000004,5.2434249999999984,,
ASND,2022-03-09 05:00:00+00:00,107.33,109.475,104.295,104.85,155085,3717,106.446667,102.0,117.0,,,18.99999999999996,,17.859718983027456,,,106.20666666666666,,5.38347031558185,,105.77,-0.008698118559137713,5.179999999999993,5.254258333333332,,
ASND,2022-03-10 05:00:00+00:00,104.79,104.83,101.625,102.49,520689,6032,103.40108,101.625,117.0,,,5.626016260162568,,16.168922235059974,,,102.98166666666667,,5.330158777120313,,104.85,-0.02250834525512635,3.2249999999999943,5.057874999999997,,
ASTS,2022-02-10 05:00:00+00:00,6.09,6.4,5.86,5.89,1364216,6480,6.055138,,,,,,,,,,6.050000000000001,,8.935889546351085,,,,,,,
ASTS,2022-02-11 05:00:00+00:00,5.99,6.03,5.595,5.73,427990,3486,5.806295,,,,,,,,,,5.785,,14.92351656804734,,5.89,-0.02716468590831911,0.4350000000000005,,,
ASTS,2022-02-14 05:00:00+00:00,5.75,6.16,5.63,5.93,616235,3779,5.918404,,,,,,,,,,5.906666666666666,,21.50569398422092,,5.73,0.03490401396160547,0.5300000000000002,,,
ASTS,2022-02-15 05:00:00+00:00,6.17,6.84,6.1202,6.6,1321850,8135,6.513772,,,,,,,,,,6.520066666666668,,27.460174753451692,,5.93,0.11298482293423273,0.9100000000000001,,,
ASTS,2022-02-16 05:00:00+00:00,6.66,6.87,6.27,6.87,760943,3808,6.686563,,,,,,,,,,6.670000000000001,,32.75208609467458,,6.6,0.040909090909091006,0.6000000000000005,,,
ASTS,2022-02-17 05:00:00+00:00,6.8,6.98,6.33,6.38,665908,4177,6.581927,,,,,,,,,,6.5633333333333335,,37.50480611439843,,6.87,-0.07132459970887917,0.6500000000000004,,,
ASTS,2022-02-18 05:00:00+00:00,6.38,6.77,6.27,6.67,602650,3620,6.51935,,,,,,,,,,6.57,,41.28027268244576,,6.38,0.045454545454545414,0.5,,,
ASTS,2022-02-22 05:00:00+00:00,6.47,6.57,6.25,6.3,739168,5127,6.382078,,,,,,,,,,6.373333333333334,,44.37363865877712,,6.67,-0.05547226386806603,0.41999999999999993,,,
ASTS,2022-02-23 05:00:00+00:00,6.45,6.65,6.03,6.32,760202,4838,6.409506,,,,,,,,,,6.333333333333333,,46.81487938856016,,6.3,0.0031746031746031633,0.6200000000000001,,,
ASTS,2022-02-24 05:00:00+00:00,5.87,6.89,5.82,6.8,763908,5344,6.404335,,,,,,,,,,6.503333333333334,,48.530991913214976,,6.32,0.07594936708860756,1.0699999999999994,,,
ASTS,2022-02-25 05:00:00+00:00,6.75,7.27,6.45,6.96,756912,5051,6.908631,,,,,,,,,,6.8933333333333335,,49.69277504930968,,6.8,0.0235294117647058,0.8199999999999994,,,
ASTS,2022-02-28 05:00:00+00:00,6.92,7.3,6.88,7.08,783442,4669,7.109962,5.595,7.3,,,87.0967741935484,,,,,7.086666666666666,,50.280120315581854,,6.96,0.01724137931034475,0.41999999999999993,,,
ASTS,2022-03-01 05:00:00+00:00,7.24,7.37,7.03,7.1,513560,3461,7.184631,5.595,7.37,,,84.78873239436618,,,,,7.166666666666667,,50.37830384615383,,7.08,0.0028248587570620654,0.33999999999999986,0.6095833333333334,,
ASTS,2022-03-02 05:00:00+00:00,7.02,7.25,6.94,7.05,377035,2598,7.080376,5.63,7.37,,,81.60919540229884,,,,,7.080000000000001,,49.90716035502958,,7.1,-0.007042253521126751,0.3099999999999996,0.5991666666666666,,
ASTS,2022-03-03 05:00:00+00:00,7.2,7.2899,6.84,7.06,484001,4610,7.053523,5.82,7.37,,,79.99999999999997,,,,,7.063299999999999,,48.93567199211044,,7.05,0.0014184397163119478,0.4499000000000004,0.5924916666666666,,
ASTS,2022-03-04 05:00:00+00:00,7.02,7.07,6.63,6.83,513897,4739,6.811313,5.82,7.37,,,65.16129032258064,,79.73119846255881,,,6.843333333333334,,47.43911341222879,,7.06,-0.03257790368271951,0.4400000000000004,0.553325,,
ASTS,2022-03-07 05:00:00+00:00,6.9,6.99,6.29,6.3,753857,6580,6.57351,5.82,7.37,,,30.967741935483843,,68.50539201094588,,,6.526666666666667,,45.30659822485206,,6.83,-0.07759882869692536,0.7000000000000002,0.5616583333333333,,
ASTS,2022-03-08 05:00:00+00:00,6.3,6.98,6.25,6.75,744967,6371,6.672202,5.82,7.37,,,59.999999999999986,,63.54764553207266,,,6.66,,42.39750512820513,,6.3,0.0714285714285714,0.7300000000000004,0.568325,,
ASTS,2022-03-09 05:00:00+00:00,8.58,11.48,7.85,9.78,53272169,240577,9.516321,5.82,11.48,,,69.96466431095405,,61.2187393138037,,,9.703333333333333,,38.802460355029595,,6.75,0.4488888888888889,4.73,0.9208250000000001,,
ASTS,2022-03-10 05:00:00+00:00,8.95,9.76,8.6575,9.58,3823645,25569,9.244676,5.82,11.48,,,66.43109540636041,,58.504958395075775,,,9.332500000000001,,34.85693727810651,,9.78,-0.020449897750511203,1.1224999999999987,0.9793666666666665,,
BBIG,2022-02-10 05:00:00+00:00,3.33,3.83,3.32,3.38,47554405,92101,3.576041,,,,,,,,,,3.5100000000000002,,30.53241765285995,,,,,,,
BBIG,2022-02-11 05:00:00+00:00,3.39,3.48,3.13,3.23,29392914,56520,3.299281,,,,,,,,,,3.28,,25.661014398422086,,3.38,-0.044378698224852076,0.3500000000000001,,,
BBIG,2022-02-14 05:00:00+00:00,3.06,3.32,3.06,3.11,19866821,40510,3.197186,,,,,,,,,,3.1633333333333336,,20.167056903353053,,3.23,-0.037151702786377694,0.2599999999999998,,,
BBIG,2022-02-15 05:00:00+00:00,3.2,3.6,3.2,3.53,33000038,63195,3.439195,,,,,,,,,,3.4433333333333334,,13.959955424063107,,3.11,0.135048231511254,0.4900000000000002,,,
BBIG,2022-02-16 05:00:00+00:00,3.8,3.82,3.45,3.59,47108256,100607,3.656422,,,,,,,,,,3.6199999999999997,,7.1594500986193275,,3.53,0.016997167138810276,0.36999999999999966,,,
BBIG,2022-02-17 05:00:00+00:00,3.43,3.45,3.22,3.26,21939055,44977,3.318336,,,,,,,,,,3.31,,1.277636489151874,,3.59,-0.0919220055710307,0.36999999999999966,,,
BBIG,2022-02-18 05:00:00+00:00,3.26,3.34,3.1,3.18,16588440,39104,3.182971,,,,,,,,,,3.2066666666666666,,1.4206443786982246,,3.26,-0.024539877300613355,0.23999999999999977,,,
BBIG,2022-02-22 05:00:00+00:00,2.92,3.16,2.84,2.96,19619685,49071,2.990612,,,,,,,,,,2.986666666666667,,1.5651092702169624,,3.18,-0.06918238993710701,0.3400000000000003,,,
BBIG,2022-02-23 05:00:00+00:00,3.0,3.05,2.66,2.69,20145572,45799,2.827654,,,,,,,,,,2.8000000000000003,,1.717641420118343,,2.96,-0.09121621621621623,0.3899999999999997,,,
BBIG,2022-02-24 05:00:00+00:00,2.26,2.77,2.23,2.74,25697930,56000,2.523851,,,,,,,,,,2.58,,1.8440571992110446,,2.69,0.01858736059479571,0.54,,,
BBIG,2022-02-25 05:00:00+00:00,2.72,2.79,2.61,2.64,15313488,31802,2.700134,,,,,,,,,,2.68,,1.937841617357002,,2.74,-0.03649635036496357,0.18000000000000016,,,
BBIG,2022-02-28 05:00:00+00:00,2.57,2.665,2.49,2.56,18524305,40373,2.559278,2.23,3.83,,,20.625000000000004,,,,,2.5716666666666668,,2.0162907297830377,,2.64,-0.030303030303030276,0.17499999999999982,,,
BBIG,2022-03-01 05:00:00+00:00,2.5,2.54,2.37,2.42,15930930,34898,2.451828,2.23,3.82,,,11.949685534591193,,,,,2.4433333333333334,,2.0758,,2.56,-0.0546875,0.18999999999999995,0.3245833333333333,,
BBIG,2022-03-02 05:00:00+00:00,2.44,2.7,2.33,2.58,26474121,52046,2.537166,2.23,3.82,,,22.012578616352208,,,,,2.5366666666666666,,2.1157234714003943,,2.42,0.06611570247933884,0.3700000000000001,0.32624999999999993,,
BBIG,2022-03-03 05:00:00+00:00,2.58,2.59,2.39,2.41,14437265,29228,2.449378,2.23,3.82,,,11.320754716981144,,,,,2.4633333333333334,,2.1371065088757395,,2.58,-0.06589147286821706,0.19999999999999973,0.3212499999999999,,
BBIG,2022-03-04 05:00:00+00:00,2.39,2.46,2.35,2.36,15264130,30485,2.389515,2.23,3.82,,,8.176100628930811,,14.816823899371073,,,2.39,,2.129712426035503,,2.41,-0.020746887966805128,0.10999999999999988,0.28958333333333325,,
BBIG,2022-03-07 05:00:00+00:00,2.32,2.36,2.2,2.2,20211315,39902,2.253805,2.2,3.45,,,0.0,,10.691823899371071,,,2.2533333333333334,,2.0820027613412226,,2.36,-0.06779661016949146,0.1599999999999997,0.27208333333333323,,
BBIG,2022-03-08 05:00:00+00:00,2.09,2.3,2.02,2.18,24342071,46592,2.177073,2.02,3.34,,,12.121212121212134,,10.72612921669526,,,2.1666666666666665,,1.9985928994082842,,2.2,-0.00909090909090915,0.2799999999999998,0.2645833333333332,,
BBIG,2022-03-09 05:00:00+00:00,2.26,2.44,2.23,2.3,15758796,33228,2.333922,2.02,3.16,,,24.56140350877191,,11.235894195179199,,,2.3233333333333333,,1.878328994082841,,2.18,0.05504587155963292,0.2599999999999998,0.26624999999999993,,
BBIG,2022-03-10 05:00:00+00:00,2.26,2.3,2.14,2.24,12329097,26043,2.21765,2.02,3.05,,,21.359223300970896,,13.24358791197715,,,2.2266666666666666,,1.736250493096647,,2.3,-0.02608695652173898,0.1599999999999997,0.25124999999999986,,
BBY,2022-02-10 05:00:00+00:00,100.88,102.7586,100.09,100.47,2188167,32352,101.199542,,,,,,,,,,101.1062,,7.5009223865877726,,,,,,,
BBY,2022-02-11 05:00:00+00:00,100.47,103.09,99.36,100.57,3313314,41613,101.069289,,,,,,,,,,101.00666666666666,,13.829449112426035,,100.47,0.000995321986662523,3.730000000000004,,,
BBY,2022-02-14 05:00:00+00:00,100.43,101.99,98.85,100.64,2207988,32078,100.363415,,,,,,,,,,100.49333333333333,,19.866834615384615,,100.57,0.0006960326140996731,3.1400000000000006,,,
BBY,2022-02-15 05:00:00+00:00,101.47,102.89,101.44,102.19,1582426,24793,102.339493,,,,,,,,,,102.17333333333333,,25.459131360946746,,100.64,0.015401430842607367,2.25,,,
BBY,2022-02-16 05:00:00+00:00,101.24,101.51,98.1,99.63,2213601,34557,99.299307,,,,,,,,,,99.74666666666667,,30.380510946745567,,102.19,-0.025051374889910938,4.090000000000003,,,
BBY,2022-02-17 05:00:00+00:00,98.94,100.1895,98.1,98.63,1365360,23296,99.115519,,,,,,,,,,98.97316666666666,,34.71673767258383,,99.63,-0.010037137408411168,2.089500000000001,,,
BBY,2022-02-18 05:00:00+00:00,98.21,99.275,96.5407,97.71,1798707,26350,97.613356,,,,,,,,,,97.8419,,38.33837001972386,,98.63,-0.009327790733042685,2.7343000000000046,,,
BBY,2022-02-22 05:00:00+00:00,96.53,96.795,89.4364,90.55,5270217,67761,91.907556,,,,,,,,,,92.26046666666667,,41.09914556213017,,97.71,-0.07327806775150958,8.273599999999988,,,
BBY,2022-02-23 05:00:00+00:00,91.25,91.44,87.84,88.63,3486098,54071,89.386515,,,,,,,,,,89.30333333333333,,43.181571400394475,,90.55,-0.021203754831584765,3.5999999999999943,,,
BBY,2022-02-24 05:00:00+00:00,86.12,91.85,85.58,91.58,2908719,49059,89.515743,,,,,,,,,,89.67,,44.77993412228797,,88.63,0.033284440934221005,6.269999999999996,,,
BBY,2022-02-25 05:00:00+00:00,92.09,96.04,91.44,95.83,2802319,40285,94.638572,,,,,,,,,,94.43666666666667,,46.08536785009863,,91.58,0.04640751255732689,4.6000000000000085,,,
BBY,2022-02-28 05:00:00+00:00,94.49,97.1,94.13,96.64,3248277,44831,96.120951,85.58,103.09,,,63.16390633923472,,,,,95.95666666666666,,46.90537751479291,,95.83,0.00845246791192733,2.969999999999999,,,
BBY,2022-03-01 05:00:00+00:00,95.9,98.56,95.45,97.18,2504535,40029,97.28214,85.58,103.09,,,66.24785836664766,,,,,97.06333333333333,,47.215771794871785,,96.64,0.005587748344370924,3.1099999999999994,3.904783333333333,,
BBY,2022-03-02 05:00:00+00:00,96.68,101.94,96.5601,100.84,5997900,79455,100.376731,85.58,102.89,,,88.157134604275,,,,,99.78003333333334,,47.05813964497041,,97.18,0.03766207038485292,5.379899999999992,4.042274999999999,,
BBY,2022-03-03 05:00:00+00:00,105.91,112.96,104.86,110.14,18210931,179021,109.759995,85.58,112.96,,,89.70051132213297,,,,,109.32,,46.62995394477317,,100.84,0.0922253074176913,12.11999999999999,4.790608333333331,,
BBY,2022-03-04 05:00:00+00:00,107.6,109.28,101.615,106.1,7550920,90611,105.388997,85.58,112.96,,,74.94521548575602,,76.44292522360928,,,105.665,,45.452922090729786,,110.14,-0.036680588342110076,8.525000000000006,5.3135249999999985,,
BBY,2022-03-07 05:00:00+00:00,105.4,109.13,103.28,104.71,4526757,61641,105.334543,85.58,112.96,,,69.86851716581445,,77.78384738892524,,,105.70666666666666,,43.67205887573964,,106.1,-0.01310084825636193,5.849999999999994,5.460191666666664,,
BBY,2022-03-08 05:00:00+00:00,103.84,105.945,101.055,101.13,3614447,50910,102.763578,85.58,112.96,,,56.79327976625274,,75.89293166884624,,,102.71,,41.20487416173572,,104.71,-0.034189666698500654,4.889999999999986,5.693566666666663,,
BBY,2022-03-09 05:00:00+00:00,102.98,103.76,100.62,101.74,2843855,45283,101.88723,85.58,112.96,,,59.021183345507666,,70.06574141709277,,,102.04,,38.124065187376715,,101.13,0.00603184020567582,3.1400000000000006,5.727374999999996,,
BBY,2022-03-10 05:00:00+00:00,101.15,101.145,97.58,98.66,2847438,44921,98.582791,85.58,112.96,,,47.77209642074507,,61.680058436815195,,,99.12833333333333,,34.40776311637081,,101.74,-0.030273245527815962,4.159999999999997,5.384574999999997,,
CEI,2022-02-10 05:00:00+00:00,0.5458,0.58,0.541,0.543,10387337,14447,0.562311,,,,,,,,,,0.5546666666666668,,34.5207019723866,,,,,,,
CEI,2022-02-11 05:00:00+00:00,0.5491,0.5535,0.52,0.5317,8302765,12253,0.541353,,,,,,,,,,0.5350666666666667,,34.63046134122289,,0.543,-0.020810313075506626,0.033499999999999974,,,
CEI,2022-02-14 05:00:00+00:00,0.5463,0.555,0.53,0.5331,9617551,13362,0.545448,,,,,,,,,,0.5393666666666667,,34.731879487179484,,0.5317,0.0026330637577582916,0.025000000000000022,,,
CEI,2022-02-15 05:00:00+00:00,0.539,0.5479,0.523,0.5347,9789640,14818,0.535507,,,,,,,,,,0.5352,,34.82841597633138,,0.5331,0.0030013130744699357,0.024900000000000033,,,
CEI,2022-02-16 05:00:00+00:00,0.535,0.5495,0.5266,0.5323,7783838,11421,0.536749,,,,,,,,,,0.5361333333333332,,34.93416745562131,,0.5347,-0.004488498223302662,0.02290000000000003,,,
CEI,2022-02-17 05:00:00+00:00,0.5309,0.571,0.52,0.522,16545589,23814,0.544925,,,,,,,,,,0.5376666666666666,,35.034108284023674,,0.5323,-0.01934999060680065,0.050999999999999934,,,
CEI,2022-02-18 05:00:00+00:00,0.5283,0.5321,0.5,0.5022,8189307,13464,0.510635,,,,,,,,,,0.5114333333333333,,38.7919758382643,,0.522,-0.037931034482758696,0.03210000000000002,,,
CEI,2022-02-22 05:00:00+00:00,0.4949,0.5,0.4541,0.455,11651141,16739,0.476822,,,,,,,,,,0.4697,,41.95918639053255,,0.5022,-0.09398645957785734,0.048099999999999976,,,
CEI,2022-02-23 05:00:00+00:00,0.4736,0.648,0.455,0.5938,94449772,75572,0.55279,,,,,,,,,,0.5656,,44.54034891518737,,0.455,0.3050549450549449,0.193,,,
CEI,2022-02-24 05:00:00+00:00,0.8102,1.0,0.6937,0.7479,300436226,289992,0.836841,,,,,,,,,,0.8138666666666667,,46.46876666666666,,0.5938,0.2595149882115191,0.4062,,,
CEI,2022-02-25 05:00:00+00:00,0.7346,0.75,0.641,0.6888,95342949,88876,0.681887,,,,,,,,,,0.6932666666666667,,47.8817506903353,,0.7479,-0.07902125952667471,0.10899999999999999,,,
CEI,2022-02-28 05:00:00+00:00,0.7405,0.795,0.694,0.709,105873678,95977,0.744045,0.4541,1.0,,,46.69353361421504,,,,,0.7326666666666667,,48.73444950690335,,0.6888,0.029326364692218387,0.10620000000000007,,,
CEI,2022-03-01 05:00:00+00:00,0.71,0.719,0.6086,0.6373,64937955,62379,0.651631,0.4541,1.0,,,33.55925993771752,,,,,0.6549666666666666,,49.05234230769229,,0.709,-0.10112834978843444,0.11039999999999994,0.09685833333333334,,
CEI,2022-03-02 05:00:00+00:00,0.6715,0.675,0.6251,0.6481,38628397,41718,0.648884,0.4541,1.0,,,35.53764425718996,,,,,0.6494,,49.02654575936883,,0.6373,0.01694649301741724,0.049900000000000055,0.098225,,
CEI,2022-03-03 05:00:00+00:00,0.6477,0.6549,0.5801,0.5912,36386611,38067,0.618879,0.4541,1.0,,,25.114489833302788,,,,,0.6087333333333332,,48.591229092702164,,0.6481,-0.08779509334979174,0.07480000000000009,0.10237500000000001,,
CEI,2022-03-04 05:00:00+00:00,0.584,0.8,0.55,0.78,187463721,144855,0.708449,0.4541,1.0,,,59.69957867741344,,40.12090126396775,,,0.71,,47.6107392504931,,0.5912,0.3193504736129906,0.25,0.12113333333333336,,
CEI,2022-03-07 05:00:00+00:00,0.908,1.47,0.8505,1.28,646748411,574220,1.184164,0.4541,1.47,,,81.29737178856186,,47.04166889883712,,,1.2001666666666668,,45.85106351084812,,0.78,0.641025641025641,0.69,0.17672500000000002,,
CEI,2022-03-08 05:00:00+00:00,1.69,1.98,1.0,1.24,719332810,793964,1.485185,0.4541,1.98,,,51.50403040828364,,50.630622992950336,,,1.4066666666666665,,43.45385818540434,,1.28,-0.03125,0.98,0.25414166666666665,,
CEI,2022-03-09 05:00:00+00:00,1.06,1.24,1.01,1.07,209968072,191557,1.114101,0.4541,1.98,,,40.36306442099745,,51.59570702571184,,,1.1066666666666667,,40.44118934911242,,1.24,-0.13709677419354838,0.22999999999999998,0.27063333333333334,,
CEI,2022-03-10 05:00:00+00:00,1.19,1.23,1.04,1.07,130845133,119047,1.133026,0.455,1.98,,,40.32786885245902,,54.63838282954308,,,1.1133333333333333,,36.699859763313604,,1.07,0.0,0.18999999999999995,0.2824583333333333,,
CRON,2022-02-10 05:00:00+00:00,3.85,4.09,3.7808,3.94,2645365,10795,3.973692,,,,,,,,,,3.9369333333333336,,31.740214497041414,,,,,,,
CRON,2022-02-11 05:00:00+00:00,3.94,4.13,3.89,4.04,3241143,11616,4.02731,,,,,,,,,,4.02,,26.39391715976332,,3.94,0.025380710659898442,0.23999999999999977,,,
CRON,2022-02-14 05:00:00+00:00,4.0,4.06,3.793,3.81,2379416,9944,3.898422,,,,,,,,,,3.8876666666666666,,20.444509368836293,,4.04,-0.05693069306930698,0.26699999999999946,,,
CRON,2022-02-15 05:00:00+00:00,3.9,3.9899,3.87,3.95,1527555,6838,3.93731,,,,,,,,,,3.936633333333333,,14.105113609467454,,3.81,0.036745406824147064,0.17989999999999995,,,
CRON,2022-02-16 05:00:00+00:00,3.95,4.04,3.85,3.98,1327832,6755,3.959757,,,,,,,,,,3.956666666666667,,7.230757001972386,,3.95,0.0075949367088608,0.18999999999999995,,,
CRON,2022-02-17 05:00:00+00:00,3.94,3.965,3.75,3.79,1274614,6155,3.841406,,,,,,,,,,3.8349999999999995,,1.137901183431953,,3.98,-0.047738693467336724,0.22999999999999998,,,
CRON,2022-02-18 05:00:00+00:00,3.83,3.83,3.48,3.53,3313836,13880,3.604757,,,,,,,,,,3.6133333333333333,,1.2399382642998025,,3.79,-0.06860158311345654,0.3500000000000001,,,
CRON,2022-02-22 05:00:00+00:00,3.46,3.49,3.34,3.37,1720421,7772,3.402866,,,,,,,,,,3.4,,1.3120518737672584,,3.53,-0.04532577903682711,0.18999999999999995,,,
CRON,2022-02-23 05:00:00+00:00,3.44,3.49,3.32,3.33,1808613,7409,3.377289,,,,,,,,,,3.3800000000000003,,1.3663217948717947,,3.37,-0.011869436201780381,0.17000000000000037,,,
CRON,2022-02-24 05:00:00+00:00,3.16,3.47,3.11,3.47,1780569,8973,3.322814,,,,,,,,,,3.35,,1.4022398422090734,,3.33,0.04204204204204198,0.3600000000000003,,,
CRON,2022-02-25 05:00:00+00:00,3.47,3.545,3.41,3.54,1431478,7905,3.495979,,,,,,,,,,3.4983333333333335,,1.4281154832347143,,3.47,0.020172910662824117,0.1349999999999998,,,
CRON,2022-02-28 05:00:00+00:00,3.53,3.59,3.44,3.58,1321128,6871,3.523489,3.11,4.13,,,46.07843137254904,,,,,3.5366666666666666,,1.4381055226824462,,3.54,0.011299435028248705,0.1499999999999999,,,
CRON,2022-03-01 05:00:00+00:00,3.52,3.59,3.4,3.45,1671636,7493,3.48425,3.11,4.13,,,33.333333333333364,,,,,3.4800000000000004,,1.4271615384615386,,3.58,-0.03631284916201116,0.18999999999999995,0.22099166666666661,,
CRON,2022-03-02 05:00:00+00:00,3.43,3.55,3.315,3.53,1831612,8600,3.455319,3.11,4.06,,,44.21052631578948,,,,,3.465,,1.396390927021696,,3.45,0.02318840579710124,0.23499999999999988,0.22057499999999997,,
CRON,2022-03-03 05:00:00+00:00,3.52,3.56,3.3,3.3,1157896,6356,3.374075,3.11,4.04,,,20.43010752688171,,,,,3.3866666666666667,,1.3496032544378698,,3.53,-0.06515580736543913,0.26000000000000023,0.2199916666666667,,
CRON,2022-03-04 05:00:00+00:00,3.26,3.32,3.15,3.19,1292201,5998,3.203468,3.11,4.04,,,8.602150537634415,,30.530909817237603,,,3.22,,1.2929441814595661,,3.3,-0.033333333333333326,0.16999999999999993,0.2191666666666667,,
CRON,2022-03-07 05:00:00+00:00,3.15,3.21,3.06,3.07,1455845,7214,3.120244,3.06,3.965,,,1.1049723756905845,,21.536218017865913,,,3.1133333333333333,,1.2131417159763311,,3.19,-0.037617554858934255,0.1499999999999999,0.21583333333333335,,
CRON,2022-03-08 05:00:00+00:00,3.07,3.22,3.0,3.12,1780064,7363,3.124205,3.0,3.83,,,14.457831325301216,,17.761117616259483,,,3.1133333333333333,,1.1211175542406313,,3.07,0.016286644951140072,0.2200000000000002,0.21500000000000005,,
CRON,2022-03-09 05:00:00+00:00,3.2,3.31,3.125,3.18,2639694,9914,3.206768,3.0,3.59,,,30.508474576271222,,15.020707268355832,,,3.205,,1.0125372781065083,,3.12,0.019230769230769162,0.18999999999999995,0.2016666666666667,,
CRON,2022-03-10 05:00:00+00:00,3.15,3.26,3.03,3.25,1834881,7267,3.139513,3.0,3.59,,,42.372881355932215,,19.40926203416593,,,3.1799999999999997,,0.888094871794872,,3.18,0.022012578616352085,0.22999999999999998,0.20500000000000004,,
CROX,2022-02-10 05:00:00+00:00,105.44,111.18,104.16,105.22,1551621,27043,107.344028,,,,,,,,,,106.85333333333334,,7.678348915187377,,,,,,,
CROX,2022-02-11 05:00:00+00:00,105.0,105.7,96.55,98.2,2140264,38371,99.903822,,,,,,,,,,100.14999999999999,,14.25265443786982,,105.22,-0.0667173541151872,9.150000000000006,,,
CROX,2022-02-14 05:00:00+00:00,98.84,100.93,96.8001,97.73,1405455,22355,98.677114,,,,,,,,,,98.4867,,20.129725049309663,,98.2,-0.00478615071283095,4.129900000000006,,,
CROX,2022-02-15 05:00:00+00:00,100.43,102.01,99.08,101.23,1704803,33355,100.766563,,,,,,,,,,100.77333333333333,,25.582413609467455,,97.73,0.03581295405709617,4.280000000000001,,,
CROX,2022-02-16 05:00:00+00:00,93.72,97.8999,93.01,94.8,4049443,67250,95.994642,,,,,,,,,,95.23663333333333,,30.098699704142007,,101.23,-0.06351871974711065,8.219999999999999,,,
CROX,2022-02-17 05:00:00+00:00,94.28,94.76,82.05,82.09,5091483,83822,85.57046,,,,,,,,,,86.3,,33.52932721893491,,94.8,-0.1340717299578058,12.75,,,
CROX,2022-02-18 05:00:00+00:00,83.94,84.03,78.83,79.26,3338728,57767,80.327936,,,,,,,,,,80.70666666666666,,36.19995039447731,,82.09,-0.03447435741259586,5.200000000000003,,,
CROX,2022-02-22 05:00:00+00:00,78.83,83.66,78.15,81.19,2306683,39792,81.358523,,,,,,,,,,81.0,,38.43390216962525,,79.26,0.024350239717385813,5.509999999999991,,,
CROX,2022-02-23 05:00:00+00:00,82.55,83.06,79.44,79.78,1916972,36608,81.112075,,,,,,,,,,80.76,,40.19675631163708,,81.19,-0.017366670772262505,3.6200000000000045,,,
CROX,2022-02-24 05:00:00+00:00,76.41,84.0698,75.709,83.82,2092518,37615,80.907194,,,,,,,,,,81.19959999999999,,41.52700276134122,,79.78,0.05063925795938817,8.360799999999998,,,
CROX,2022-02-25 05:00:00+00:00,83.48,84.44,80.81,83.62,1436583,27756,83.147913,,,,,,,,,,82.95666666666666,,42.478700197238666,,83.82,-0.0023860653781911934,3.6299999999999955,,,
CROX,2022-02-28 05:00:00+00:00,82.6,84.21,80.64,83.73,1701635,29799,83.029429,75.709,111.18,,,22.612838656931014,,,,,82.86,,42.954618540433934,,83.62,0.0013154747668022715,3.569999999999993,,,
CROX,2022-03-01 05:00:00+00:00,83.75,84.24,79.39,79.78,1455695,26650,81.107063,75.709,105.7,,,13.574072221666494,,,,,81.13666666666667,,42.888125641025646,,83.73,-0.04717544488236003,4.849999999999994,6.105891666666666,,
CROX,2022-03-02 05:00:00+00:00,80.73,83.94,80.0,82.67,1358208,23438,82.444783,75.709,102.01,,,26.46667427094026,,,,,82.20333333333333,,42.3919483234714,,79.78,0.03622461769867136,4.159999999999997,5.690058333333332,,
CROX,2022-03-03 05:00:00+00:00,82.66,83.2199,76.18,77.03,1955534,37449,77.92343,75.709,102.01,,,5.022622713965241,,,,,78.80996666666667,,41.318156508875745,,82.67,-0.06822305552195473,7.039899999999989,5.93255833333333,,
CROX,2022-03-04 05:00:00+00:00,76.18,77.09,70.6401,71.73,2053624,34569,72.458906,70.6401,97.8999,,,3.9981951444984927,,14.334880601600304,,,73.15336666666667,,39.629258382643,,77.03,-0.06880436193690764,6.4498999999999995,6.1133833333333305,,
CROX,2022-03-07 05:00:00+00:00,73.01,73.854,67.25,67.44,2312492,42426,69.221041,67.25,94.76,,,0.6906579425663312,,9.950444458727365,,,69.51466666666666,,37.437894674556205,,71.73,-0.05980761187787542,6.603999999999999,5.978716666666664,,
CROX,2022-03-08 05:00:00+00:00,67.84,72.12,67.03,69.03,2350896,36290,69.486627,67.03,84.44,,,11.487650775416428,,9.533160169477354,,,69.39333333333333,,34.855071400394465,,67.44,0.023576512455516063,5.090000000000003,5.340383333333331,,
CROX,2022-03-09 05:00:00+00:00,71.71,75.09,71.59,73.17,2314672,36407,73.380833,67.03,84.44,,,35.26708788052844,,11.293242891394991,,,73.28333333333335,,31.95994043392505,,69.03,0.059973924380704036,6.060000000000002,5.412049999999997,,
CROX,2022-03-10 05:00:00+00:00,71.25,73.6,70.74,73.15,1034648,22065,72.558094,67.03,84.44,,,35.1522113727743,,17.3191606231568,,,72.49666666666666,,28.63691992110453,,73.17,-0.00027333606669399657,2.8599999999999994,5.191216666666665,,
CRWD,2022-02-10 05:00:00+00:00,184.35,193.48,182.22,187.88,3381795,61982,189.23264,,,,,,,,,,187.85999999999999,,27.051864497041418,,,,,,,
CRWD,2022-02-11 05:00:00+00:00,188.49,191.25,178.61,181.86,3092436,57295,183.367832,,,,,,,,,,183.90666666666667,,26.43694674556212,,187.88,-0.03204172876304012,12.639999999999986,,,
CRWD,2022-02-14 05:00:00+00:00,180.255,186.62,179.91,180.6,2576242,40115,182.207555,,,,,,,,,,182.37666666666667,,28.172435700197237,,181.86,-0.0069284064665128264,6.710000000000008,,,
CRWD,2022-02-15 05:00:00+00:00,184.52,189.5,182.41,189.3,2413257,39955,187.127223,,,,,,,,,,187.07000000000002,,31.02571972386588,,180.6,0.048172757475083205,8.900000000000006,,,
CRWD,2022-02-16 05:00:00+00:00,186.02,186.6123,180.34,183.28,2696419,53127,182.943752,,,,,,,,,,183.41076666666666,,33.14488570019725,,189.3,-0.031801373481246786,8.960000000000008,,,
CRWD,2022-02-17 05:00:00+00:00,181.45,181.88,168.96,169.85,3587016,70014,172.445663,,,,,,,,,,173.56333333333336,,35.21546755424065,,183.28,-0.07327586206896552,14.319999999999993,,,
CRWD,2022-02-18 05:00:00+00:00,169.31,170.98,164.12,164.93,3273393,59998,166.003433,,,,,,,,,,166.67666666666668,,38.57831765285998,,169.85,-0.028966735354724715,6.859999999999985,,,
CRWD,2022-02-22 05:00:00+00:00,162.16,170.88,161.5,166.71,3174244,54990,166.962393,,,,,,,,,,166.36333333333334,,41.41990039447733,,164.93,0.010792457406172407,9.379999999999995,,,
CRWD,2022-02-23 05:00:00+00:00,170.54,171.6,161.636,161.83,3542781,65620,165.671045,,,,,,,,,,165.02200000000002,,43.75793570019725,,166.71,-0.029272389178813474,9.963999999999999,,,
CRWD,2022-02-24 05:00:00+00:00,154.0,184.33,153.5,182.99,9548344,153344,175.004306,,,,,,,,,,173.60666666666668,,46.17629763313609,,161.83,0.13075449545819695,30.830000000000013,,,
CRWD,2022-02-25 05:00:00+00:00,182.0,183.7,174.26,181.75,5305580,98115,179.369909,,,,,,,,,,179.90333333333334,,48.26294250493096,,182.99,-0.0067763265752227575,9.439999999999998,,,
CRWD,2022-02-28 05:00:00+00:00,188.2,197.25,186.73,195.21,8106810,133574,193.4342,153.5,197.25,,,95.33714285714288,,,,,193.06333333333336,,50.076412820512815,,181.75,0.07405777166437422,15.5,,,
CRWD,2022-03-01 05:00:00+00:00,201.33,205.68,195.8535,197.64,6528029,115949,200.737602,153.5,205.68,,,84.59179762361055,,,,,199.7245,,51.29921794871795,,195.21,0.012448132780082943,10.469999999999999,11.997833333333332,,
CRWD,2022-03-02 05:00:00+00:00,198.6,203.37,190.27,201.75,4162652,81561,197.824242,153.5,205.68,,,92.46837868915291,,,,,198.46333333333334,,51.78515029585799,,197.64,0.020795385549484013,13.099999999999994,12.036166666666666,,
CRWD,2022-03-03 05:00:00+00:00,200.0,204.8,189.08,191.02,5038609,96062,193.637721,153.5,205.68,,,71.90494442315064,,,,,194.96666666666667,,51.45158560157793,,201.75,-0.05318463444857491,15.719999999999999,12.786999999999999,,
CRWD,2022-03-04 05:00:00+00:00,193.49,193.86,177.28,179.03,4613765,92453,181.284935,153.5,205.68,,,48.92679187428133,,78.64581109346766,,,183.39,,50.12054635108481,,191.02,-0.06276829651345417,16.580000000000013,13.427,,
CRWD,2022-03-07 05:00:00+00:00,180.58,182.46,165.59,167.4,4993881,91555,171.351724,153.5,205.68,,,26.638558834802613,,64.9060942889996,,,171.8166666666667,,47.96503767258384,,179.03,-0.0649611796905546,16.870000000000005,14.086166666666665,,
CRWD,2022-03-08 05:00:00+00:00,164.63,165.01,155.36,156.77,6398238,112967,159.161954,153.5,205.68,,,6.266768876964372,,49.24108853967037,,,159.04666666666665,,44.97633372781066,,167.4,-0.0635005973715651,12.039999999999992,13.896166666666666,,
CRWD,2022-03-09 05:00:00+00:00,160.97,171.08,157.6701,169.79,9141786,146595,171.432648,153.5,205.68,,,31.21885779992332,,36.99118436182445,,,166.1800333333333,,41.58767978303748,,156.77,0.08305160426101921,14.310000000000002,14.517000000000001,,
CRWD,2022-03-10 05:00:00+00:00,187.88,198.67,182.55,191.02,23997941,289425,191.83614,153.5,205.68,,,71.90494442315064,,36.99118436182446,,,190.74666666666667,,38.195021104536494,,169.79,0.12503681017727786,28.879999999999995,16.142,,
CYRN,2022-02-10 05:00:00+00:00,3.15,3.72,3.0,3.19,649745,4710,3.339964,,,,,,,,,,3.3033333333333332,,42.66286923076926,,,,,,,
CYRN,2022-02-11 05:00:00+00:00,3.13,3.19,2.92,2.9506,209910,1530,3.056459,,,,,,,,,,3.0201999999999996,,46.81276074950692,,3.19,-0.0750470219435736,0.27,,,
CYRN,2022-02-14 05:00:00+00:00,2.95,2.99,2.74,2.83,140144,1620,2.830557,,,,,,,,,,2.8533333333333335,,50.7572183431953,,2.9506,-0.04087304277096182,0.25,,,
CYRN,2022-02-15 05:00:00+00:00,2.9,2.92,2.7301,2.82,147088,990,2.8283,,,,,,,,,,2.823366666666667,,54.69626962524656,,2.83,-0.0035335689045937757,0.18989999999999974,,,
CYRN,2022-02-16 05:00:00+00:00,2.8,2.9,2.76,2.78,136019,757,2.810895,,,,,,,,,,2.813333333333333,,58.86609211045368,,2.82,-0.014184397163120588,0.14000000000000012,,,
CYRN,2022-02-17 05:00:00+00:00,2.78,2.79,2.49,2.59,133825,893,2.600331,,,,,,,,,,2.6233333333333335,,63.000608875739644,,2.78,-0.06834532374100721,0.2999999999999998,,,
CYRN,2022-02-18 05:00:00+00:00,2.49,2.65,2.27,2.27,140105,908,2.399939,,,,,,,,,,2.3966666666666665,,69.69894477317555,,2.59,-0.12355212355212353,0.3799999999999999,,,
CYRN,2022-02-22 05:00:00+00:00,2.24,2.4,2.12,2.29,56874,561,2.274957,,,,,,,,,,2.27,,75.40018007889547,,2.27,0.008810572687224738,0.2799999999999998,,,
CYRN,2022-02-23 05:00:00+00:00,2.45,2.49,2.14,2.17,33672,472,2.284322,,,,,,,,,,2.266666666666667,,80.06754950690333,,2.29,-0.05240174672489084,0.3500000000000001,,,
CYRN,2022-02-24 05:00:00+00:00,2.0,6.6577,1.98,4.75,26104895,88517,4.953059,,,,,,,,,,4.462566666666667,,83.42637534516766,,2.17,1.1889400921658986,4.6777,,,
CYRN,2022-02-25 05:00:00+00:00,5.42,6.94,5.02,5.93,52955887,262739,6.148501,,,,,,,,,,5.963333333333334,,85.75716923076924,,4.75,0.24842105263157888,2.1900000000000004,,,
CYRN,2022-02-28 05:00:00+00:00,5.14,5.99,5.03,5.85,6452608,30764,5.441217,1.98,6.94,,,78.02419354838707,,,,,5.623333333333332,,87.40167416173568,,5.93,-0.013490725126475533,0.96,,,
CYRN,2022-03-01 05:00:00+00:00,5.45,6.6,5.05,6.49,8518401,36799,6.008952,1.98,6.94,,,90.92741935483869,,,,,6.046666666666667,,88.30104102564104,,5.85,0.10940170940170946,1.5499999999999998,0.9614666666666666,,
CYRN,2022-03-02 05:00:00+00:00,7.0,7.32,5.9,6.5,11856231,61493,6.736373,1.98,7.32,,,84.6441947565543,,,,,6.573333333333333,,88.24421459566078,,6.49,0.0015408320493066618,1.42,1.0573,,
CYRN,2022-03-03 05:00:00+00:00,6.5,6.57,5.6,6.28,2120738,10231,6.18925,1.98,7.32,,,80.5243445692884,,,,,6.1499999999999995,,87.3151889546351,,6.5,-0.03384615384615386,0.9700000000000006,1.1173,,
CYRN,2022-03-04 05:00:00+00:00,6.2,7.0599,5.85,6.68,5540644,21179,6.575207,1.98,7.32,,,88.01498127340824,,84.42702670049535,,,6.529966666666667,,85.02847593688362,,6.28,0.06369426751592355,1.2099000000000002,1.2023000000000001,,
CYRN,2022-03-07 05:00:00+00:00,6.45,7.99,5.951,7.15,4366394,17526,6.915026,1.98,7.99,,,86.02329450915141,,86.02684689264821,,,7.030333333333334,,81.4231237672584,,6.68,0.07035928143712589,2.0390000000000006,1.36055,,
CYRN,2022-03-08 05:00:00+00:00,6.36,13.87,6.13,10.41,20594169,81909,10.167145,1.98,13.87,,,70.89991589571069,,82.0213462008226,,,10.136666666666667,,76.02050335305721,,7.15,0.45594405594405596,7.739999999999999,1.98055,,
CYRN,2022-03-09 05:00:00+00:00,8.9,10.77,7.01,7.09,13147485,52651,8.732793,1.98,13.87,,,42.97729184188393,,73.68796561788854,,,8.290000000000001,,69.19927692307691,,10.41,-0.31892411143131605,3.76,2.2622166666666668,,
CYRN,2022-03-10 05:00:00+00:00,7.57,8.39,6.56,6.8,4281722,17609,7.600076,1.98,13.87,,,40.53826745164004,,65.69075019435886,,,7.25,,61.33838875739645,,7.09,-0.04090267983074758,1.830000000000001,2.391383333333333,,
ES,2022-02-10 05:00:00+00:00,86.39,86.42,84.375,84.69,2065108,22140,85.038174,,,,,,,,,,85.16166666666668,,54.84105147928994,,,,,,,
ES,2022-02-11 05:00:00+00:00,84.88,85.28,83.81,84.12,1611686,19329,84.39646,,,,,,,,,,84.40333333333334,,48.983852268244576,,84.69,-0.006730428622033213,1.4699999999999989,,,
ES,2022-02-14 05:00:00+00:00,84.25,84.3,81.7,82.21,3857123,34979,82.211372,,,,,,,,,,82.73666666666666,,43.71284635108481,,84.12,-0.022705658582976795,2.5999999999999943,,,
ES,2022-02-15 05:00:00+00:00,82.64,82.845,81.72,82.17,2856774,31422,82.239545,,,,,,,,,,82.245,,39.168369033530574,,82.21,-0.00048655881279635604,1.125,,,
ES,2022-02-16 05:00:00+00:00,82.44,82.48,81.09,81.65,2335004,27454,81.768136,,,,,,,,,,81.74,,34.171917357001966,,82.17,-0.006328343677741266,1.3900000000000006,,,
ES,2022-02-17 05:00:00+00:00,81.005,82.75,79.01,82.28,3883462,42099,81.374198,,,,,,,,,,81.34666666666666,,27.698544575936886,,81.65,0.007715860379669204,3.739999999999995,,,
ES,2022-02-18 05:00:00+00:00,81.97,82.85,81.32,82.82,2139804,24425,82.506501,,,,,,,,,,82.33,,30.631484122287965,,82.28,0.006562955760816669,1.5300000000000011,,,
ES,2022-02-22 05:00:00+00:00,82.98,83.18,81.92,82.41,1719193,21642,82.432489,,,,,,,,,,82.50333333333334,,33.09933964497042,,82.82,-0.004950495049504955,1.2600000000000051,,,
ES,2022-02-23 05:00:00+00:00,81.64,81.77,79.64,79.7,2490635,27845,80.353555,,,,,,,,,,80.37,,34.985139743589734,,82.41,-0.03288435869433315,2.769999999999996,,,
ES,2022-02-24 05:00:00+00:00,79.65,80.02,78.63,79.76,2382277,34191,79.471994,,,,,,,,,,79.46999999999998,,36.36877120315582,,79.7,0.0007528230865747609,1.3900000000000006,,,
ES,2022-02-25 05:00:00+00:00,80.52,82.22,80.01,81.81,2923214,29812,81.520481,,,,,,,,,,81.34666666666668,,37.381829783037475,,79.76,0.025702106318956863,2.4599999999999937,,,
ES,2022-02-28 05:00:00+00:00,81.25,82.0,80.91,81.8,3867181,26484,81.589882,78.63,86.42,,,40.69319640564826,,,,,81.57,,37.932699013806705,,81.81,-0.0001222344456668356,1.0900000000000034,,,
ES,2022-03-01 05:00:00+00:00,81.72,82.4,79.76,80.44,2648962,27652,80.563713,78.63,85.28,,,27.218045112781965,,,,,80.86666666666667,,37.980658974358974,,81.8,-0.01662591687041559,2.6400000000000006,1.9554166666666657,,
ES,2022-03-02 05:00:00+00:00,79.96,80.99,79.47,80.75,3244286,35151,80.520007,78.63,84.3,,,37.38977072310413,,,,,80.40333333333332,,37.54260315581855,,80.44,0.0038538040775732973,1.519999999999996,1.9595833333333321,,
ES,2022-03-03 05:00:00+00:00,81.12,83.81,80.61,83.47,3859571,29804,82.491589,78.63,83.81,,,93.43629343629338,,,,,82.63000000000001,,36.71453747534517,,80.75,0.03368421052631576,3.200000000000003,2.009583333333333,,
ES,2022-03-04 05:00:00+00:00,83.29,86.55,82.9108,85.94,2620030,32565,85.458023,78.63,86.55,,,92.2979797979798,,58.20705709516151,,,85.1336,,35.588968047337275,,83.47,0.02959146998921769,3.6392000000000024,2.2190999999999996,,
ES,2022-03-07 05:00:00+00:00,85.69,86.91,84.86,86.66,1910628,24455,86.359821,78.63,86.91,,,96.98067632850241,,69.46455307973234,,,86.14333333333332,,34.088423964497025,,85.94,0.008377938096346238,2.049999999999997,2.2740999999999993,,
ES,2022-03-08 05:00:00+00:00,86.34,86.9,84.455,85.09,2182945,26838,85.586141,78.63,86.91,,,78.01932367149766,,79.62480879147549,,,85.48166666666668,,32.07967475345168,,86.66,-0.018116778213708717,2.4450000000000074,2.166183333333334,,
ES,2022-03-09 05:00:00+00:00,84.6,85.135,84.01,84.19,2610829,26274,84.456529,78.63,86.91,,,67.1497584541063,,85.5768063376759,,,84.44500000000001,,29.600718441814596,,85.09,-0.010577036079445379,1.125,2.1324333333333336,,
ES,2022-03-10 05:00:00+00:00,83.77,84.65,83.4,84.36,2338686,26773,84.242524,78.63,86.91,,,69.20289855072468,,80.73012736056218,,,84.13666666666667,,26.683557001972385,,84.19,0.002019242190283821,1.25,2.1316,,
GME,2022-02-10 05:00:00+00:00,118.04,131.78,116.0,122.47,3665493,77144,125.501158,,,,,,,,,,123.41666666666667,,23.862204240631147,,,,,,,
GME,2022-02-11 05:00:00+00:00,122.0,129.8668,120.7706,124.25,2760687,63311,124.924809,,,,,,,,,,124.96246666666667,,20.389990927021696,,122.47,0.014534171633869608,9.09620000000001,,,
GME,2022-02-14 05:00:00+00:00,122.87,125.5,116.15,117.09,2215683,50306,119.372331,,,,,,,,,,119.58,,16.203268836291898,,124.25,-0.0576257545271629,9.349999999999994,,,
GME,2022-02-15 05:00:00+00:00,120.935,127.2299,119.26,126.16,1945650,41764,123.461123,,,,,,,,,,124.21663333333333,,13.254833826429984,,117.09,0.07746178153557093,10.139899999999997,,,
GME,2022-02-16 05:00:00+00:00,124.96,132.85,123.92,128.33,1974096,49291,128.757789,,,,,,,,,,128.36666666666667,,13.972849408284029,,126.16,0.017200380469245546,8.929999999999993,,,
GME,2022-02-17 05:00:00+00:00,126.52,130.8479,122.22,123.41,1548871,44801,126.419477,,,,,,,,,,125.49263333333333,,14.774910453648923,,128.33,-0.03833865814696502,8.627900000000011,,,
GME,2022-02-18 05:00:00+00:00,124.19,125.6496,118.131,121.53,1527960,41313,121.308679,,,,,,,,,,121.7702,,16.28161696252465,,123.41,-0.0152337736001944,7.518600000000006,,,
GME,2022-02-22 05:00:00+00:00,118.2,123.33,114.185,118.06,1515337,42716,118.973585,,,,,,,,,,118.52499999999999,,17.38093491124261,,121.53,-0.02855262075207765,9.144999999999996,,,
GME,2022-02-23 05:00:00+00:00,121.565,123.355,114.2801,114.87,1304438,38985,118.023502,,,,,,,,,,117.50170000000001,,18.182503057199206,,118.06,-0.027020159241063824,9.0749,,,
GME,2022-02-24 05:00:00+00:00,105.4,125.71,104.12,124.4,2163741,54704,116.198776,,,,,,,,,,118.07666666666667,,18.79103195266272,,114.87,0.0829633498737703,21.58999999999999,,,
GME,2022-02-25 05:00:00+00:00,123.81,124.97,116.485,118.58,1663933,42128,119.658368,,,,,,,,,,120.01166666666666,,19.25697702169625,,124.4,-0.04678456591639879,8.485,,,
GME,2022-02-28 05:00:00+00:00,120.44,126.285,116.89,123.34,1538921,41069,122.080156,104.12,132.85,,,66.89871214758094,,,,,122.17166666666667,,19.571965483234713,,118.58,0.04014167650531286,9.394999999999996,,,
GME,2022-03-01 05:00:00+00:00,122.37,125.87,118.35,119.02,1049562,30949,122.062194,104.12,132.85,,,51.86216498433692,,,,,121.08,,19.641219230769227,,123.34,-0.0350251337765527,7.52000000000001,9.906041666666667,,
GME,2022-03-02 05:00:00+00:00,119.98,122.67,116.3714,121.97,1267413,33883,120.341237,104.12,132.85,,,62.130177514792905,,,,,120.33713333333333,,19.461988560157785,,119.02,0.024785750294068265,6.2986000000000075,9.672908333333334,,
GME,2022-03-03 05:00:00+00:00,122.68,123.74,117.23,118.41,1060912,28811,119.583542,104.12,132.85,,,49.73894883397145,,,,,119.79333333333334,,18.946517061143986,,121.97,-0.029187505124210866,6.509999999999991,9.436241666666666,,
GME,2022-03-04 05:00:00+00:00,117.68,120.51,110.5812,111.66,1438295,41480,114.494569,104.12,132.85,,,26.244343891402693,,51.37486947441698,,,114.25040000000001,,17.991175739644962,,118.41,-0.05700532049657969,9.92880000000001,9.418650000000001,,
GME,2022-03-07 05:00:00+00:00,114.43,115.0,96.1025,99.35,3097249,95344,102.714995,96.1025,130.8479,,,9.346560983612184,,39.86443924162323,,,103.48416666666667,,16.943246745562128,,111.66,-0.11024538778434534,18.897499999999994,10.249275,,
GME,2022-03-08 05:00:00+00:00,100.02,108.99,97.0861,103.01,2077550,55313,103.12024,96.1025,126.285,,,22.88577818272178,,34.069161881300204,,,103.0287,,15.927450295857993,,99.35,0.03683945646703579,11.903899999999993,10.522274999999999,,
GME,2022-03-09 05:00:00+00:00,106.43,108.86,103.5,105.21,1370354,33414,106.126233,96.1025,126.285,,,30.17477014826469,,27.67808040799456,,,105.85666666666667,,14.744491715976334,,103.01,0.021357149791282337,5.849999999999994,10.383224999999998,,
GME,2022-03-10 05:00:00+00:00,104.0,104.0572,98.2512,100.56,1374988,42217,100.323727,96.1025,126.285,,,14.76849167563985,,20.683988976328244,,,100.95613333333334,,13.771578106508876,,105.21,-0.044197319646421374,6.9587999999999965,10.201041666666665,,
GOOGL,2022-02-10 05:00:00+00:00,2794.07,2829.69,2759.14,2772.4,1877558,163805,2787.764343,,,,,,,,,,2787.0766666666664,,197.92514171597628,,,,,,,
GOOGL,2022-02-11 05:00:00+00:00,2772.0,2783.125,2668.0,2685.65,1869261,185754,2716.215173,,,,,,,,,,2712.258333333333,,374.54991025641027,,2772.4,-0.03129057856009232,115.125,,,
GOOGL,2022-02-14 05:00:00+00:00,2665.13,2726.0,2665.13,2710.52,1621164,123315,2702.691366,,,,,,,,,,2700.5499999999997,,534.8418032544378,,2685.65,0.009260328039766952,60.86999999999989,,,
GOOGL,2022-02-15 05:00:00+00:00,2751.41,2762.17,2716.43,2732.17,1293714,96687,2734.30556,,,,,,,,,,2736.9233333333336,,682.0234990138067,,2710.52,0.007987397252187778,51.65000000000009,,,
GOOGL,2022-02-16 05:00:00+00:00,2734.15,2761.72,2698.475,2754.76,1208348,100149,2732.428745,,,,,,,,,,2738.318333333333,,813.5875271203156,,2732.17,0.008268153152988234,63.24499999999989,,,
GOOGL,2022-02-17 05:00:00+00:00,2724.86,2742.2699,2649.57,2650.78,1891442,156429,2681.779932,,,,,,,,,,2680.8732999999997,,926.0435749506903,,2754.76,-0.0377455749321175,105.19000000000005,,,
GOOGL,2022-02-18 05:00:00+00:00,2669.34,2681.3999,2603.93,2608.06,2450677,151291,2630.369036,,,,,,,,,,2631.129966666667,,1021.1515855029587,,2650.78,-0.016116011136344865,77.46990000000005,,,
GOOGL,2022-02-22 05:00:00+00:00,2600.0,2643.605,2564.465,2596.27,2146816,161652,2600.992851,,,,,,,,,,2601.4466666666667,,1099.8768753451675,,2608.06,-0.004520601519903633,79.13999999999987,,,
GOOGL,2022-02-23 05:00:00+00:00,2632.97,2641.02,2550.55,2551.76,1556819,137769,2581.03425,,,,,,,,,,2581.11,,1162.7822423076925,,2596.27,-0.017143825565137605,90.4699999999998,,,
GOOGL,2022-02-24 05:00:00+00:00,2500.0,2660.0,2499.065,2652.37,2709889,224980,2584.259375,,,,,,,,,,2603.811666666667,,1212.334156607495,,2551.76,0.039427689124369,160.93499999999995,,,
GOOGL,2022-02-25 05:00:00+00:00,2671.04,2705.43,2635.03,2689.19,1713055,128535,2677.11967,,,,,,,,,,2676.5499999999997,,1250.5770037475345,,2652.37,0.013881924467551654,70.39999999999964,,,
GOOGL,2022-02-28 05:00:00+00:00,2661.99,2715.03,2651.845,2701.14,1797199,114770,2687.016876,2499.065,2829.69,,,61.119092627599194,,,,,2689.338333333333,,1274.1695005917159,,2689.19,0.004443717253150403,63.1850000000004,,,
GOOGL,2022-03-01 05:00:00+00:00,2697.99,2725.11,2664.37,2681.23,1241123,101391,2689.696789,2499.065,2783.125,,,64.12905724142787,,,,,2690.236666666666,,1282.4826935897433,,2701.14,-0.00737096189016484,60.74000000000024,83.20165833333333,,
GOOGL,2022-03-02 05:00:00+00:00,2692.56,2705.25,2661.4308,2691.43,1102009,96188,2689.499343,2499.065,2762.17,,,73.11339579255421,,,,,2686.0369333333333,,1275.3143406311638,,2681.23,0.003804224180693039,43.81919999999991,77.25950833333332,,
GOOGL,2022-03-03 05:00:00+00:00,2720.2,2728.7899,2660.51,2677.99,1187085,101503,2690.308238,2499.065,2762.17,,,68.00516903897672,,,,,2689.096633333333,,1253.0077726824459,,2691.43,-0.004993627922702859,68.2799,77.877,,
GOOGL,2022-03-04 05:00:00+00:00,2657.99,2677.03,2606.75,2638.13,1440165,124247,2631.539951,2499.065,2761.72,,,52.94587957586956,,63.86251885528551,,,2640.6366666666668,,1214.078157199211,,2677.99,-0.014884297551521763,71.23999999999978,79.50949999999996,,
GOOGL,2022-03-07 05:00:00+00:00,2629.76,2634.7,2525.9,2527.57,2141441,203318,2556.184698,2499.065,2742.2699,,,11.720569774704433,,53.98281428470657,,,2562.7233333333334,,1158.2448582840238,,2638.13,-0.04190847304719625,112.23000000000002,83.5915833333333,,
GOOGL,2022-03-08 05:00:00+00:00,2525.0,2625.0,2513.4937,2542.09,1910273,147838,2558.338817,2499.065,2728.7899,,,18.728923159831634,,44.90278746838732,,,2560.1945666666666,,1088.012821301775,,2527.57,0.005744648021617671,111.50630000000001,84.11794166666664,,
GOOGL,2022-03-09 05:00:00+00:00,2625.0,2674.71,2598.01,2668.4,1748141,124735,2643.591619,2499.065,2728.7899,,,73.71207909982763,,45.022524129842,,,2647.0400000000004,,1005.0918214990138,,2542.09,0.04968746189159301,132.6199999999999,88.7137833333333,,
GOOGL,2022-03-10 05:00:00+00:00,2625.32,2665.435,2618.25,2648.59,1310105,108879,2640.003766,2499.065,2728.7899,,,65.08872133582383,,44.439234589211424,,,2644.0916666666667,,907.128018934911,,2668.4,-0.00742392444910811,50.15000000000009,86.29794999999997,,
GS,2022-02-10 05:00:00+00:00,372.65,377.4,368.83,370.57,2309779,45546,373.040028,,,,,,,,,,372.26666666666665,,892.1887684418142,,,,,,,
GS,2022-02-11 05:00:00+00:00,368.16,374.9,360.77,363.06,2950156,55417,367.049146,,,,,,,,,,366.24333333333334,,877.2779439842204,,370.57,-0.020266076584720794,14.129999999999995,,,
GS,2022-02-14 05:00:00+00:00,363.17,364.29,357.1813,360.24,2487655,46568,360.762918,,,,,,,,,,360.5704333333333,,862.0657388560157,,363.06,-0.007767311188233372,7.108699999999999,,,
GS,2022-02-15 05:00:00+00:00,364.34,365.89,361.36,363.94,1777519,38090,363.984887,,,,,,,,,,363.73,,846.6396264299799,,360.24,0.01027093049078398,5.649999999999977,,,
GS,2022-02-16 05:00:00+00:00,361.6,363.02,356.5308,360.05,2080646,51102,359.853994,,,,,,,,,,359.8669333333333,,831.6094331360944,,363.94,-0.010688575039841663,7.4091999999999985,,,
GS,2022-02-17 05:00:00+00:00,358.06,360.96,347.835,349.06,3015622,72582,351.31909,,,,,,,,,,352.61833333333334,,816.7181786982247,,360.05,-0.030523538397444816,13.125,,,
GS,2022-02-18 05:00:00+00:00,345.57,350.0,343.37,346.04,2803090,51951,345.838352,,,,,,,,,,346.47,,903.5296346153845,,349.06,-0.008651807712141135,6.6299999999999955,,,
GS,2022-02-22 05:00:00+00:00,342.51,349.0,341.2,344.27,2473059,49789,344.867978,,,,,,,,,,344.8233333333333,,977.7581714003944,,346.04,-0.0051150156051325,7.800000000000011,,,
GS,2022-02-23 05:00:00+00:00,347.98,349.26,339.82,341.19,2092576,47145,342.957744,,,,,,,,,,343.42333333333335,,1038.360391617357,,344.27,-0.008946466436227318,9.439999999999998,,,
GS,2022-02-24 05:00:00+00:00,328.57,341.0,326.9471,340.2,3847352,87358,333.860514,,,,,,,,,,336.0490333333333,,1084.2880619329387,,341.19,-0.002901609074122957,14.24290000000002,,,
GS,2022-02-25 05:00:00+00:00,340.88,350.7,340.19,350.12,2758012,55879,347.71841,,,,,,,,,,347.00333333333333,,1115.4778384615386,,340.2,0.02915931804820704,10.509999999999991,,,
GS,2022-02-28 05:00:00+00:00,340.6,343.84,337.55,341.29,3974323,77049,340.637451,326.9471,377.4,,,28.42829649039013,,,,,340.8933333333334,,1134.8103676528601,,350.12,-0.02521992459728084,12.569999999999993,,,
GS,2022-03-01 05:00:00+00:00,337.42,338.16,327.02,328.2,5263607,104981,329.492939,326.9471,374.9,,,2.612772115972154,,,,,331.1266666666667,,1142.5857076923076,,341.29,-0.038354478595915564,14.270000000000039,10.240483333333335,,
GS,2022-03-02 05:00:00+00:00,331.38,338.0,327.4,336.38,3259607,68216,333.835489,326.9471,365.89,,,24.222387136037675,,,,,333.9266666666667,,1137.8816382642997,,328.2,0.02492382693479578,10.600000000000023,9.94631666666667,,
GS,2022-03-03 05:00:00+00:00,338.42,341.5,330.13,333.42,2276949,50874,334.569242,326.9471,365.89,,,16.621515090042184,,,,,335.01666666666665,,1120.6273321499016,,336.38,-0.00879957191271774,11.370000000000005,10.301425000000004,,
GS,2022-03-04 05:00:00+00:00,327.0,330.66,324.0,329.67,3115151,77520,327.29975,324.0,363.02,,,14.53100973859564,,17.283196114207563,,,328.11000000000007,,1089.212237080868,,333.42,-0.011247075760302372,9.420000000000016,10.615591666666674,,
GS,2022-03-07 05:00:00+00:00,326.84,327.7892,320.85,321.89,3489706,79984,323.763199,320.85,360.96,,,2.592869608576327,,12.116110737844803,,,323.5097333333334,,1040.7955071005917,,329.67,-0.02359935693269033,8.819999999999993,10.733158333333341,,
GS,2022-03-08 05:00:00+00:00,323.53,330.56,318.55,321.37,3333401,73507,323.477477,318.55,350.7,,,8.77138413685846,,13.347833142022063,,,323.49333333333334,,977.7748145956605,,321.89,-0.00161545869707036,12.009999999999991,10.640241666666673,,
GS,2022-03-09 05:00:00+00:00,330.255,337.465,330.03,333.59,3025344,64869,333.960517,318.55,350.7,,,46.78071539657846,,17.859498794130218,,,333.69499999999994,,900.4932641025639,,321.37,0.03802470672433644,16.09499999999997,11.42899166666667,,
GS,2022-03-10 05:00:00+00:00,328.17,331.84,324.76,329.9,2133678,51944,328.368255,318.55,350.7,,,35.30326594090194,,21.59584896430217,,,328.8333333333333,,809.60248678501,,333.59,-0.01106148265835305,8.829999999999984,11.514825000000002,,
KKR,2022-02-10 05:00:00+00:00,66.77,68.82,65.81,66.0,3965761,41234,67.28437,,,,,,,,,,66.87666666666667,,708.448758086785,,,,,,,
KKR,2022-02-11 05:00:00+00:00,66.37,66.245,62.38,62.76,4937492,50061,63.782619,,,,,,,,,,63.794999999999995,,594.9696033530571,,66.0,-0.049090909090909074,3.865000000000002,,,
KKR,2022-02-14 05:00:00+00:00,62.3,62.73,60.4209,60.57,5683384,53203,61.348363,,,,,,,,,,61.2403,,471.5673345167653,,62.76,-0.03489483747609934,2.339099999999995,,,
KKR,2022-02-15 05:00:00+00:00,62.31,62.815,61.25,62.5,3482176,31765,62.200281,,,,,,,,,,62.18833333333333,,333.5373386587772,,60.57,0.03186395905563799,2.2449999999999974,,,
KKR,2022-02-16 05:00:00+00:00,62.3,62.505,61.6909,62.2,2110462,24562,62.202702,,,,,,,,,,62.13196666666666,,174.30292879684427,,62.5,-0.0047999999999999154,0.8141000000000034,,,
KKR,2022-02-17 05:00:00+00:00,61.47,61.96,58.37,58.41,3976703,35490,59.524674,,,,,,,,,,59.580000000000005,,99.74488599605523,,62.2,-0.06093247588424444,3.8300000000000054,,,
KKR,2022-02-18 05:00:00+00:00,59.11,59.735,57.875,59.14,3780252,39607,58.976121,,,,,,,,,,58.916666666666664,,110.16559132149904,,58.41,0.012497859955487245,1.8599999999999994,,,
KKR,2022-02-22 05:00:00+00:00,58.29,59.913,57.66,58.03,4480133,34899,58.524252,,,,,,,,,,58.534333333333336,,118.89507968441814,,59.14,-0.018769022658099432,2.253,,,
KKR,2022-02-23 05:00:00+00:00,60.37,61.03,56.78,57.99,4097782,44883,58.905897,,,,,,,,,,58.6,,125.95155552268245,,58.03,-0.0006892986386352051,4.25,,,
KKR,2022-02-24 05:00:00+00:00,55.6,59.14,55.11,58.76,4291955,46131,57.895612,,,,,,,,,,57.669999999999995,,131.1717694280079,,57.99,0.013278151405414551,4.030000000000001,,,
KKR,2022-02-25 05:00:00+00:00,59.37,61.06,59.21,61.01,3988265,41795,60.611553,,,,,,,,,,60.42666666666667,,134.5843612426036,,58.76,0.038291354663036126,2.3000000000000043,,,
KKR,2022-02-28 05:00:00+00:00,60.1,61.14,59.62,60.12,3309817,32109,60.30474,55.11,68.82,,,36.54266958424508,,,,,60.29333333333333,,136.48798658777122,,61.01,-0.014587772496312046,1.5200000000000031,,,
KKR,2022-03-01 05:00:00+00:00,59.95,60.37,57.4665,57.75,2921591,31932,58.304244,55.11,66.245,,,23.709025594970807,,,,,58.52883333333333,,136.96621794871794,,60.12,-0.039421157684630725,2.903499999999994,2.684141666666667,,
KKR,2022-03-02 05:00:00+00:00,58.3,60.4,57.69,60.13,3339570,31293,59.67537,55.11,62.815,,,65.15249837767689,,,,,59.406666666666666,,135.7776948717949,,57.75,0.041212121212121255,2.710000000000001,2.587891666666667,,
KKR,2022-03-03 05:00:00+00:00,60.07,60.416,57.52,57.78,3669056,27370,58.139572,55.11,62.815,,,34.652822842310215,,,,,58.572,,132.9896096646943,,60.13,-0.039081989023781794,2.8959999999999937,2.6343,,
KKR,2022-03-04 05:00:00+00:00,57.09,57.545,55.25,55.89,3446787,29534,55.914791,55.11,62.505,,,10.5476673427992,,34.12093674840044,,,56.22833333333333,,128.9344321499014,,57.78,-0.032710280373831835,2.530000000000001,2.6580500000000007,,
KKR,2022-03-07 05:00:00+00:00,55.24,55.75,51.1,51.16,6732053,64093,52.340999,51.1,61.96,,,0.5524861878452594,,26.922900069120477,,,52.669999999999995,,122.76730345167655,,55.89,-0.08463052424405093,4.789999999999999,2.9893750000000003,,
KKR,2022-03-08 05:00:00+00:00,51.99,53.47,51.1,52.27,5182549,42106,52.124885,51.1,61.14,,,11.653386454183284,,24.511772240962976,,,52.28,,115.19317278106513,,51.16,0.021696637998436463,2.3699999999999974,2.867708333333333,,
KKR,2022-03-09 05:00:00+00:00,54.58,55.58,53.7016,54.97,4728465,57166,54.77288,51.1,61.14,,,38.5458167330677,,19.19043591204114,,,54.75053333333333,,106.40911982248528,,52.27,0.051654868949684296,3.309999999999995,2.988541666666666,,
KKR,2022-03-10 05:00:00+00:00,53.76,54.73,52.93,53.45,3309550,33529,53.539475,51.1,61.14,,,23.406374501992047,,16.941146243977506,,,53.70333333333334,,95.84261400394479,,54.97,-0.02765144624340543,2.039999999999999,2.9707916666666656,,
MS,2022-02-10 05:00:00+00:00,108.26,109.73,107.15,107.57,7838835,89265,108.418467,,,,,,,,,,108.14999999999999,,82.74483599605524,,,,,,,
MS,2022-02-11 05:00:00+00:00,106.99,108.39,103.82,104.57,9291581,110608,105.947287,,,,,,,,,,105.59333333333332,,69.2518842209073,,107.57,-0.02788881658454956,4.570000000000007,,,
MS,2022-02-14 05:00:00+00:00,104.28,104.5,101.595,102.57,10701558,104497,102.718785,,,,,,,,,,102.88833333333332,,56.19736351084811,,104.57,-0.01912594434350201,2.9749999999999943,,,
MS,2022-02-15 05:00:00+00:00,103.69,104.35,102.12,103.43,6523119,89274,103.570411,,,,,,,,,,103.3,,43.16817218934911,,102.57,0.008384517890221543,2.2299999999999898,,,
MS,2022-02-16 05:00:00+00:00,102.38,103.04,100.67,101.15,9934168,121021,101.436388,,,,,,,,,,101.62,,29.435923668639056,,103.43,-0.0220438944213478,2.760000000000005,,,
MS,2022-02-17 05:00:00+00:00,100.0,100.205,95.89,96.15,15315170,167803,97.06285,,,,,,,,,,97.415,,15.742531163708085,,101.15,-0.049431537320810626,5.260000000000005,,,
MS,2022-02-18 05:00:00+00:00,95.04,96.04,93.11,95.42,15879059,175944,95.057167,,,,,,,,,,94.85666666666667,,17.148015483234705,,96.15,-0.007592303692147695,3.0400000000000063,,,
MS,2022-02-22 05:00:00+00:00,94.635,96.77,93.9,94.75,8751444,106647,95.211288,,,,,,,,,,95.14,,18.330087573964494,,95.42,-0.007021588765457998,2.8699999999999903,,,
MS,2022-02-23 05:00:00+00:00,95.53,95.72,93.0816,93.55,8347062,102260,93.92293,,,,,,,,,,94.11720000000001,,19.2072191321499,,94.75,-0.012664907651715018,2.6384000000000043,,,
MS,2022-02-24 05:00:00+00:00,89.6,92.175,88.53,91.81,18541595,212923,90.24669,,,,,,,,,,90.83833333333332,,19.762648520710055,,93.55,-0.018599679315873807,5.019999999999996,,,
MS,2022-02-25 05:00:00+00:00,91.8,94.7,91.63,94.55,9273803,109282,93.80558,,,,,,,,,,93.62666666666667,,20.27045946745562,,91.81,0.02984424354645454,3.0700000000000074,,,
MS,2022-02-28 05:00:00+00:00,91.45,92.22,89.92,90.74,17202811,168008,91.083967,88.53,109.73,,,10.424528301886761,,,,,90.96,,20.390855226824456,,94.55,-0.04029613960867273,4.6299999999999955,,,
MS,2022-03-01 05:00:00+00:00,89.92,90.0,86.5,87.63,17464105,204860,87.562968,86.5,108.39,,,5.162174508908157,,,,,88.04333333333334,,20.187878205128207,,90.74,-0.0342737491734626,4.239999999999995,3.6086166666666664,,
MS,2022-03-02 05:00:00+00:00,88.65,89.28,87.02,88.38,17315195,171694,88.164083,86.5,104.5,,,10.444444444444418,,,,,88.22666666666667,,19.803226627218937,,87.63,0.008558712769599408,2.260000000000005,3.416116666666666,,
MS,2022-03-03 05:00:00+00:00,89.79,90.25,87.07,87.78,11788077,137437,88.138051,86.5,104.35,,,7.170868347338945,,,,,88.36666666666667,,19.250351183431956,,88.38,-0.006788866259334614,3.180000000000007,3.4332000000000007,,
MS,2022-03-04 05:00:00+00:00,86.04,86.9,84.76,86.36,11506763,140330,85.719344,84.76,103.04,,,8.752735229759267,,8.390950166467515,,,86.00666666666667,,18.40749546351085,,87.78,-0.016176805650489845,3.019999999999996,3.4990333333333346,,
MS,2022-03-07 05:00:00+00:00,85.08,86.08,83.42,83.45,12165325,153043,84.299184,83.42,100.205,,,0.17873100983021234,,6.341790708056206,,,84.31666666666666,,17.49061607495069,,86.36,-0.033696155627605306,2.9399999999999977,3.514033333333334,,
MS,2022-03-08 05:00:00+00:00,83.87,85.75,81.97,83.31,11125248,127434,83.623034,81.97,96.77,,,9.054054054054077,,7.12016661708539,,,83.67666666666666,,16.410127218934914,,83.45,-0.0016776512881965244,3.780000000000001,3.3907000000000003,,
MS,2022-03-09 05:00:00+00:00,86.45,88.99,86.1,87.4,12570877,128807,87.70686,81.97,96.77,,,36.68918918918924,,12.369115566034356,,,87.49666666666667,,15.171200000000006,,83.31,0.0490937462489498,5.679999999999993,3.610699999999999,,
MS,2022-03-10 05:00:00+00:00,85.59,87.8,85.01,85.86,11035048,133819,85.88967,81.97,95.72,,,28.290909090909093,,16.593123714748383,,,86.22333333333334,,13.879867850098627,,87.4,-0.017620137299771188,2.789999999999992,3.6040333333333323,,
NIO,2022-02-10 05:00:00+00:00,25.4,26.405,25.02,25.35,53294365,261439,25.72104,,,,,,,,,,25.59166666666667,,15.741703747534508,,,,,,,
NIO,2022-02-11 05:00:00+00:00,25.12,25.68,23.7,24.1,46510946,239874,24.663063,,,,,,,,,,24.49333333333333,,17.6195143984221,,25.35,-0.04930966469428011,1.9800000000000004,,,
NIO,2022-02-14 05:00:00+00:00,23.62,24.54,23.34,23.79,40294760,207217,23.915059,,,,,,,,,,23.889999999999997,,19.32247297830376,,24.1,-0.012863070539419152,1.1999999999999993,,,
NIO,2022-02-15 05:00:00+00:00,24.28,25.8401,24.2,25.79,46560740,216794,25.159278,,,,,,,,,,25.276699999999995,,20.920301380670615,,23.79,0.084068936527953,2.0501000000000005,,,
NIO,2022-02-16 05:00:00+00:00,25.43,25.84,25.05,25.61,32024337,155533,25.509459,,,,,,,,,,25.5,,22.651102169625236,,25.79,-0.006979449398991866,0.7899999999999991,,,
NIO,2022-02-17 05:00:00+00:00,25.3,26.27,24.65,24.72,33954405,164536,25.403841,,,,,,,,,,25.213333333333335,,24.33690098619329,,25.61,-0.03475204998047643,1.620000000000001,,,
NIO,2022-02-18 05:00:00+00:00,24.72,24.7898,22.74,23.21,51098442,257521,23.39445,,,,,,,,,,23.579933333333333,,26.75038767258382,,24.72,-0.06108414239482196,2.049800000000001,,,
NIO,2022-02-22 05:00:00+00:00,22.55,22.96,21.32,21.77,54474755,278778,21.994686,,,,,,,,,,22.016666666666666,,28.807223471400388,,23.21,-0.06204222317966401,1.8900000000000006,,,
NIO,2022-02-23 05:00:00+00:00,22.16,22.5,20.45,20.46,48143013,245623,21.14508,,,,,,,,,,21.136666666666667,,30.4858097633136,,21.77,-0.0601745521359669,2.0500000000000007,,,
NIO,2022-02-24 05:00:00+00:00,18.7,21.3093,18.47,21.22,77026365,377805,20.194203,,,,,,,,,,20.333099999999998,,31.70651755424063,,20.46,0.03714565004887582,2.8393000000000015,,,
NIO,2022-02-25 05:00:00+00:00,21.5,21.57,20.19,20.94,55061246,247180,20.681246,,,,,,,,,,20.900000000000002,,32.46581321499013,,21.22,-0.013195098963242113,1.379999999999999,,,
NIO,2022-02-28 05:00:00+00:00,21.81,23.145,20.935,22.84,82031098,357009,22.374059,18.47,26.405,,,55.072463768115945,,,,,22.30666666666667,,32.838501380670614,,20.94,0.09073543457497601,2.210000000000001,,,
NIO,2022-03-01 05:00:00+00:00,22.63,23.345,21.73,21.87,48804164,234011,22.267458,18.47,26.27,,,43.58974358974361,,,,,22.315,,32.86483846153846,,22.84,-0.042469352014010475,1.6149999999999984,1.8061833333333335,,
NIO,2022-03-02 05:00:00+00:00,22.03,22.21,20.63,21.77,46021487,234856,21.290685,18.47,26.27,,,42.307692307692314,,,,,21.536666666666665,,32.47783234714004,,21.87,-0.004572473708276292,1.5800000000000018,1.7728500000000003,,
NIO,2022-03-03 05:00:00+00:00,21.61,21.81,19.7203,19.88,68044486,339773,20.17575,18.47,26.27,,,18.076923076923077,,,,,20.4701,,31.735404832347147,,21.77,-0.08681672025723475,2.089699999999997,1.8469916666666668,,
NIO,2022-03-04 05:00:00+00:00,20.28,20.29,18.55,18.63,66915071,329479,19.027088,18.47,26.27,,,2.051282051282053,,32.219620958751406,,,19.156666666666666,,30.751267258382654,,19.88,-0.06287726358148893,1.7399999999999984,1.82115,,
NIO,2022-03-07 05:00:00+00:00,18.73,20.03,18.04,18.12,78215475,358339,18.868096,18.04,26.27,,,0.9720534629404842,,21.399538897716315,,,18.73,,29.21409714003945,,18.63,-0.027375201288244666,1.990000000000002,1.9211500000000001,,
NIO,2022-03-08 05:00:00+00:00,17.88,18.75,17.58,17.98,72690345,366964,18.103824,17.58,24.7898,,,5.548004105523066,,13.791191000872203,,,18.103333333333335,,27.390595660749504,,18.12,-0.007726269315673329,1.1700000000000017,1.8836500000000003,,
NIO,2022-03-09 05:00:00+00:00,18.59,20.55,18.51,20.17,82986458,389887,19.850614,17.58,23.345,,,44.926279271465795,,14.314908393626899,,,19.743333333333336,,25.265979783037473,,17.98,0.12180200222469417,2.5700000000000003,1.9270000000000003,,
NIO,2022-03-10 05:00:00+00:00,18.91,19.1,17.22,17.77,105056400,491649,17.863678,17.22,23.345,,,8.979591836734706,,12.495442145589225,,,18.03,,22.75678796844182,,20.17,-0.11898859692612795,2.950000000000003,2.015333333333334,,
NKLA,2022-02-10 05:00:00+00:00,7.92,8.37,7.84,7.93,10699641,50838,8.091046,,,,,,,,,,8.046666666666667,,19.971215483234708,,,,,,,
NKLA,2022-02-11 05:00:00+00:00,7.89,8.16,7.73,7.79,8907045,43155,7.913858,,,,,,,,,,7.8933333333333335,,16.865800788954626,,7.93,-0.017654476670870056,0.4299999999999997,,,
NKLA,2022-02-14 05:00:00+00:00,7.64,8.34,7.61,8.02,11645621,63012,8.114903,,,,,,,,,,7.989999999999999,,13.412319033530572,,7.79,0.029525032092426073,0.7299999999999995,,,
NKLA,2022-02-15 05:00:00+00:00,8.14,8.61,8.1,8.5,9645104,50277,8.468688,,,,,,,,,,8.403333333333334,,9.738417751479288,,8.02,0.05985037406483795,0.5899999999999999,,,
NKLA,2022-02-16 05:00:00+00:00,8.36,8.57,8.17,8.45,7786928,43537,8.408869,,,,,,,,,,8.396666666666667,,6.711630078895461,,8.5,-0.005882352941176561,0.40000000000000036,,,
NKLA,2022-02-17 05:00:00+00:00,8.34,8.58,8.04,8.08,7475772,39689,8.25946,,,,,,,,,,8.233333333333333,,4.988417652859961,,8.45,-0.04378698224852062,0.5400000000000009,,,
NKLA,2022-02-18 05:00:00+00:00,8.04,8.1519,7.83,7.92,8066829,43476,7.939405,,,,,,,,,,7.967299999999999,,5.350060946745559,,8.08,-0.01980198019801982,0.3218999999999994,,,
NKLA,2022-02-22 05:00:00+00:00,7.8,8.07,7.35,7.39,10041634,54738,7.630983,,,,,,,,,,7.603333333333333,,5.752348915187378,,7.92,-0.06691919191919193,0.7200000000000006,,,
NKLA,2022-02-23 05:00:00+00:00,7.5,7.575,6.82,6.83,13100004,61255,7.124059,,,,,,,,,,7.075,,6.099943984220906,,7.39,-0.0757780784844384,0.7549999999999999,,,
NKLA,2022-02-24 05:00:00+00:00,6.41,8.06,6.41,8.04,26503527,129207,7.431347,,,,,,,,,,7.503333333333333,,6.286739250493097,,6.83,0.1771595900439238,1.6500000000000004,,,
NKLA,2022-02-25 05:00:00+00:00,8.05,8.1,7.62,7.9,14848369,73359,7.897606,,,,,,,,,,7.873333333333332,,6.344679388560158,,8.04,-0.01741293532338295,0.47999999999999954,,,
NKLA,2022-02-28 05:00:00+00:00,7.88,8.02,7.6218,7.9,13500613,70668,7.826068,6.41,8.61,,,67.72727272727276,,,,,7.847266666666667,,6.309576923076922,,7.9,0.0,0.3981999999999992,,,
NKLA,2022-03-01 05:00:00+00:00,7.82,7.82,7.3,7.66,13404421,67438,7.529457,6.41,8.61,,,56.818181818181834,,,,,7.593333333333334,,6.244306410256409,,7.9,-0.03037974683544309,0.6000000000000005,0.6345916666666667,,
NKLA,2022-03-02 05:00:00+00:00,7.65,7.8,7.38,7.55,9755921,49257,7.524544,6.41,8.61,,,51.81818181818182,,,,,7.576666666666667,,6.149783037475345,,7.66,-0.01436031331592691,0.41999999999999993,0.6337583333333333,,
NKLA,2022-03-03 05:00:00+00:00,7.56,7.59,7.175,7.22,7569895,43246,7.297725,6.41,8.61,,,36.81818181818181,,,,,7.328333333333333,,6.016950986193294,,7.55,-0.0437086092715232,0.41500000000000004,0.6075083333333334,,
NKLA,2022-03-04 05:00:00+00:00,7.12,7.32,6.6,6.64,19297264,80882,6.822831,6.41,8.58,,,10.599078341013804,,44.75617930456641,,,6.853333333333333,,5.854504733727812,,7.22,-0.08033240997229918,0.7200000000000006,0.6183416666666668,,
NKLA,2022-03-07 05:00:00+00:00,6.75,6.9,6.46,6.64,14364125,77284,6.6744,6.41,8.58,,,10.599078341013804,,33.330540427314624,,,6.666666666666667,,5.5887542406311645,,6.64,0.0,0.4400000000000004,0.6216750000000001,,
NKLA,2022-03-08 05:00:00+00:00,6.61,7.815,6.6,7.55,21887545,102216,7.417446,6.41,8.1519,,,65.44577759917333,,35.05605958351292,,,7.321666666666666,,5.1483686390532535,,6.64,0.13704819277108427,1.2150000000000007,0.6779250000000001,,
NKLA,2022-03-09 05:00:00+00:00,7.76,8.04,7.665,7.87,10751517,57899,7.821517,6.41,8.1,,,86.39053254437871,,41.9705297287523,,,7.858333333333333,,4.607731558185405,,7.55,0.042384105960264984,0.4899999999999993,0.6919333333333334,,
NKLA,2022-03-10 05:00:00+00:00,7.78,8.0437,7.55,7.96,8865378,44108,7.813326,6.41,8.1,,,91.71597633136096,,52.950088631388134,,,7.851233333333333,,4.027733333333333,,7.87,0.011435832274459878,0.4936999999999996,0.673075,,
NVAX,2022-02-10 05:00:00+00:00,87.22,95.34,86.4,88.0,4856071,68031,90.814277,,,,,,,,,,89.91333333333334,,8.136800394477316,,,,,,,
NVAX,2022-02-11 05:00:00+00:00,90.11,94.3599,88.21,90.44,4007266,59654,91.115914,,,,,,,,,,91.00330000000001,,12.388080473372781,,88.0,0.0277272727272726,6.359899999999996,,,
NVAX,2022-02-14 05:00:00+00:00,86.73,88.7,79.99,80.11,4979248,77446,82.165516,,,,,,,,,,82.93333333333334,,16.21002781065089,,90.44,-0.11421937195930998,10.450000000000003,,,
NVAX,2022-02-15 05:00:00+00:00,81.57,88.88,80.8,87.13,4419956,61625,85.221373,,,,,,,,,,85.60333333333334,,20.4773650887574,,80.11,0.08762950942454117,8.769999999999996,,,
NVAX,2022-02-16 05:00:00+00:00,85.81,86.97,82.8283,86.55,3010086,43320,85.104523,,,,,,,,,,85.44943333333333,,24.477500197238662,,87.13,-0.006656719843911363,4.301699999999997,,,
NVAX,2022-02-17 05:00:00+00:00,85.8,88.8237,82.6151,83.44,2719903,38332,85.7712,,,,,,,,,,84.95960000000001,,28.029443392504934,,86.55,-0.0359329867128827,6.208600000000004,,,
NVAX,2022-02-18 05:00:00+00:00,83.78,84.9399,78.77,81.89,2887352,41005,81.744771,,,,,,,,,,81.86663333333333,,30.80473303747535,,83.44,-0.018576222435282785,6.169899999999998,,,
NVAX,2022-02-22 05:00:00+00:00,79.195,82.67,77.13,79.39,3010117,44401,80.010819,,,,,,,,,,79.73,,33.02580374753452,,81.89,-0.0305287580901209,5.540000000000006,,,
NVAX,2022-02-23 05:00:00+00:00,80.66,80.98,72.58,73.49,4014564,60177,74.864019,,,,,,,,,,75.68333333333334,,34.62084881656805,,79.39,-0.07431666456732589,8.400000000000006,,,
NVAX,2022-02-24 05:00:00+00:00,69.81,79.95,69.5,79.95,5062846,69701,75.82491,,,,,,,,,,76.46666666666665,,35.86465128205128,,73.49,0.08790311607021373,10.450000000000003,,,
NVAX,2022-02-25 05:00:00+00:00,79.02,82.08,75.42,81.63,2799045,41899,79.641298,,,,,,,,,,79.71,,36.84943007889546,,79.95,0.02101313320825504,6.659999999999997,,,
NVAX,2022-02-28 05:00:00+00:00,80.79,83.5,77.62,83.37,4074659,60474,81.189776,69.5,95.34,,,53.676470588235304,,,,,81.49666666666667,,37.480441617356995,,81.63,0.02131569276001488,5.8799999999999955,,,
NVAX,2022-03-01 05:00:00+00:00,79.32,91.0,79.0,83.74,7045023,86756,86.049786,69.5,94.3599,,,57.281002739351315,,,,,84.58,,37.7863,,83.37,0.004438047259205824,12.0,7.599175,,
NVAX,2022-03-02 05:00:00+00:00,83.93,87.07,79.1,86.39,4104517,51146,83.327204,69.5,91.0,,,78.55813953488372,,,,,84.18666666666667,,37.60978875739645,,83.74,0.03164556962025333,7.969999999999999,7.733350000000001,,
NVAX,2022-03-03 05:00:00+00:00,85.48,85.61,79.24,80.53,2771749,42501,81.783631,69.5,91.0,,,51.30232558139536,,,,,81.79333333333334,,36.878785404339254,,86.39,-0.0678319249913184,7.150000000000006,7.45835,,
NVAX,2022-03-04 05:00:00+00:00,79.93,82.0,70.91,71.72,3956341,60714,74.637981,69.5,91.0,,,10.325581395348832,,50.22870396784292,,,74.87666666666667,,35.52130276134123,,80.53,-0.10940022351918544,11.090000000000003,7.6516833333333345,,
NVAX,2022-03-07 05:00:00+00:00,70.17,74.5399,65.82,69.73,5015948,65232,69.874455,65.82,91.0,,,15.52819698173157,,42.59904924654217,,,70.02996666666667,,33.65471666666666,,71.72,-0.027746793084216348,8.71990000000001,8.019866666666669,,
NVAX,2022-03-08 05:00:00+00:00,67.48,74.77,65.9,72.79,4254778,53581,71.307171,65.82,91.0,,,27.680698967434513,,36.67898849215881,,,71.15333333333335,,31.445540236686387,,69.73,0.04388355083895035,8.86999999999999,8.241650000000002,,
NVAX,2022-03-09 05:00:00+00:00,74.23,79.9,73.8801,79.07,3143804,40852,78.000198,65.82,91.0,,,52.621127879269245,,31.49158616103591,,,77.6167,,28.981354043392496,,72.79,0.08627558730594842,7.109999999999999,8.319991666666668,,
NVAX,2022-03-10 05:00:00+00:00,77.5,79.7,75.32,77.77,2702520,37347,77.258673,65.82,91.0,,,47.45830023828435,,30.722781092413708,,,77.59666666666665,,26.101486587771202,,79.07,-0.016441128114329073,4.38000000000001,8.223325,,
PLTR,2022-02-10 05:00:00+00:00,13.48,14.165,13.37,13.56,40964302,175334,13.794875,,,,,,,,,,13.698333333333332,,25.72456351084813,,,,,,,
PLTR,2022-02-11 05:00:00+00:00,13.47,13.92,12.97,13.13,39900727,172021,13.42402,,,,,,,,,,13.340000000000002,,25.340737080867846,,13.56,-0.03171091445427732,0.9499999999999993,,,
PLTR,2022-02-14 05:00:00+00:00,13.08,13.795,12.98,13.26,39303067,147698,13.42491,,,,,,,,,,13.344999999999999,,24.945569428007893,,13.13,0.00990099009900991,0.8149999999999995,,,
PLTR,2022-02-15 05:00:00+00:00,13.575,14.185,13.41,14.17,47842195,176633,13.890222,,,,,,,,,,13.921666666666667,,24.555036883629207,,13.26,0.06862745098039214,0.9250000000000007,,,
PLTR,2022-02-16 05:00:00+00:00,13.97,14.26,13.66,13.97,57428756,205797,13.975312,,,,,,,,,,13.963333333333333,,24.193794280078894,,14.17,-0.014114326040931546,0.5999999999999996,,,
PLTR,2022-02-17 05:00:00+00:00,12.4,12.7,11.7,11.77,150098368,554335,12.215404,,,,,,,,,,12.056666666666667,,23.94495207100592,,13.97,-0.15748031496062997,2.2700000000000014,,,
PLTR,2022-02-18 05:00:00+00:00,11.9,12.01,10.57,11.02,136367753,513170,11.066062,,,,,,,,,,11.199999999999998,,26.473888856015776,,11.77,-0.06372132540356845,1.4399999999999995,,,
PLTR,2022-02-22 05:00:00+00:00,10.75,11.185,10.3,10.48,101853913,344307,10.597064,,,,,,,,,,10.655,,28.54029191321499,,11.02,-0.04900181488203259,0.8849999999999998,,,
PLTR,2022-02-23 05:00:00+00:00,10.8,11.26,10.4,10.43,92184953,305276,10.725383,,,,,,,,,,10.696666666666667,,30.34404635108481,,10.48,-0.004770992366412319,0.8599999999999994,,,
PLTR,2022-02-24 05:00:00+00:00,9.83,11.87,9.74,11.83,118359184,404918,11.036256,,,,,,,,,,11.146666666666667,,31.620069033530566,,10.43,0.13422818791946312,2.129999999999999,,,
PLTR,2022-02-25 05:00:00+00:00,11.52,11.89,11.0,11.47,72606544,262812,11.333379,,,,,,,,,,11.453333333333333,,32.44691883629191,,11.83,-0.030431107354184195,0.8900000000000006,,,
PLTR,2022-02-28 05:00:00+00:00,12.08,12.18,11.39,11.85,72771729,241284,11.767751,9.74,14.26,,,46.68141592920353,,,,,11.806666666666667,,32.838677317554236,,11.47,0.033129904097646046,0.7899999999999991,,,
PLTR,2022-03-01 05:00:00+00:00,11.93,12.52,11.71,12.18,62678859,217344,12.193698,9.74,14.26,,,53.98230088495575,,,,,12.136666666666665,,32.90384615384615,,11.85,0.02784810126582271,0.8099999999999987,1.1137499999999998,,
PLTR,2022-03-02 05:00:00+00:00,12.07,12.21,11.42,12.06,54887018,186770,11.811921,9.74,14.26,,,51.327433628318595,,,,,11.896666666666668,,32.65343195266272,,12.18,-0.009852216748768461,0.7900000000000009,1.1004166666666666,,
PLTR,2022-03-03 05:00:00+00:00,12.01,12.055,11.235,11.34,45008025,177810,11.501129,9.74,14.26,,,35.398230088495566,,,,,11.543333333333331,,32.19272189349112,,12.06,-0.059701492537313494,0.8250000000000011,1.10125,,
PLTR,2022-03-04 05:00:00+00:00,11.62,11.77,10.74,10.96,42240410,172887,11.023316,9.74,14.26,,,26.991150442477892,,42.87610619469028,,,11.156666666666666,,31.32684418145957,,11.34,-0.033509700176366786,1.0299999999999994,1.1099999999999999,,
PLTR,2022-03-07 05:00:00+00:00,11.41,11.75,11.1,11.11,61495339,236629,11.383103,9.74,12.7,,,46.283783783783775,,42.796579765606324,,,11.32,,29.907041420118336,,10.96,0.013686131386861256,0.7899999999999991,1.1258333333333332,,
PLTR,2022-03-08 05:00:00+00:00,10.945,11.39,10.719,11.04,46711355,196549,11.061053,9.74,12.52,,,46.76258992805752,,41.352637574226684,,,11.049666666666667,,27.993814595660755,,11.11,-0.006300630063006296,0.6710000000000012,0.9925833333333332,,
PLTR,2022-03-09 05:00:00+00:00,11.31,12.02,11.27,11.65,41908987,171146,11.723989,9.74,12.52,,,68.70503597122304,,44.82815804280757,,,11.646666666666667,,25.47805424063117,,11.04,0.05525362318840599,0.9800000000000004,0.9542499999999999,,
PLTR,2022-03-10 05:00:00+00:00,11.37,11.97,11.32,11.87,51483994,182740,11.747755,9.74,12.52,,,76.6187050359712,,53.072253032302704,,,11.719999999999999,,22.55270808678501,,11.65,0.018884120171673624,0.6500000000000004,0.9346666666666666,,
QCOM,2022-02-10 05:00:00+00:00,179.83,181.99,173.45,174.07,13928558,192841,177.10012,,,,,,,,,,176.50333333333333,,28.156850098619323,,,,,,,
QCOM,2022-02-11 05:00:00+00:00,174.7,175.48,163.55,164.64,12984979,184791,167.868905,,,,,,,,,,167.89,,33.660597633136085,,174.07,-0.054173608318492605,11.929999999999978,,,
QCOM,2022-02-14 05:00:00+00:00,165.0,167.85,162.48,165.13,8013115,110592,165.188973,,,,,,,,,,165.15333333333334,,39.28919921104536,,164.64,0.0029761904761904656,5.3700000000000045,,,
QCOM,2022-02-15 05:00:00+00:00,169.0,173.96,168.25,173.0,10868345,129800,171.840137,,,,,,,,,,171.73666666666668,,45.24087573964497,,165.13,0.04765941985102651,8.830000000000013,,,
QCOM,2022-02-16 05:00:00+00:00,170.39,173.2083,168.26,172.6,8818085,105392,171.247508,,,,,,,,,,171.3561,,50.78758579881657,,173.0,-0.0023121387283236983,4.9483000000000175,,,
QCOM,2022-02-17 05:00:00+00:00,169.54,170.77,166.7,166.8,8685725,118757,168.194558,,,,,,,,,,168.09,,56.14222090729783,,172.6,-0.03360370799536494,5.900000000000006,,,
QCOM,2022-02-18 05:00:00+00:00,167.99,170.445,164.24,167.64,9247246,135475,167.097514,,,,,,,,,,167.44166666666666,,62.10907761341222,,166.8,0.005035971223021463,6.204999999999984,,,
QCOM,2022-02-22 05:00:00+00:00,164.38,169.96,163.6,165.89,9470604,113698,166.345961,,,,,,,,,,166.48333333333332,,67.10669368836292,,167.64,-0.010439036029587179,6.360000000000014,,,
QCOM,2022-02-23 05:00:00+00:00,166.58,169.16,161.32,161.62,9260576,114587,163.933025,,,,,,,,,,164.03333333333333,,71.07504447731755,,165.89,-0.02573994815841807,7.840000000000003,,,
QCOM,2022-02-24 05:00:00+00:00,157.0,168.36,155.79,167.98,12542514,184133,162.8239,,,,,,,,,,164.04333333333332,,74.16928284023669,,161.62,0.039351565400321586,12.570000000000022,,,
QCOM,2022-02-25 05:00:00+00:00,167.53,171.09,165.6,170.93,6951261,106873,169.564256,,,,,,,,,,169.20666666666668,,76.60572534516764,,167.98,0.017561614477914045,5.490000000000009,,,
QCOM,2022-02-28 05:00:00+00:00,168.4,172.99,168.2,171.99,10001856,108516,170.631113,155.79,181.99,,,61.832061068702316,,,,,171.06000000000003,,78.13264122287968,,170.93,0.006201368981454403,4.7900000000000205,,,
QCOM,2022-03-01 05:00:00+00:00,170.75,171.84,161.72,163.69,10193686,142334,165.615097,155.79,175.48,,,40.121889283900494,,,,,165.75,,78.48152948717949,,171.99,-0.04825861968719114,10.27000000000001,7.541941666666673,,
QCOM,2022-03-02 05:00:00+00:00,165.07,170.49,164.35,169.25,6901554,103967,168.806663,155.79,173.96,,,74.0781507980187,,,,,168.03,,77.97429349112426,,163.69,0.033966644266601564,6.800000000000011,7.114441666666676,,
QCOM,2022-03-03 05:00:00+00:00,170.67,170.825,164.51,165.35,8258194,100138,167.331619,155.79,173.96,,,52.614199229499135,,,,,166.89499999999998,,76.5007557199211,,169.25,-0.023042836041358927,6.314999999999998,7.193191666666675,,
QCOM,2022-03-04 05:00:00+00:00,163.85,166.07,159.89,162.26,8721634,114912,162.488141,155.79,173.2083,,,37.14484191913099,,53.15822845985034,,,162.73999999999998,,74.0013402366864,,165.35,-0.018687632295131595,6.180000000000007,6.972358333333342,,
QCOM,2022-03-07 05:00:00+00:00,162.48,163.16,150.0,150.1,12842225,195208,153.833942,150.0,172.99,,,0.43497172683773067,,40.87881059147742,,,154.42,,70.39880838264303,,162.26,-0.07494145199063229,13.159999999999997,7.656666666666673,,
QCOM,2022-03-08 05:00:00+00:00,150.35,158.34,147.88,150.76,11331166,186177,152.270458,147.88,172.99,,,11.469534050179186,,35.14833954473316,,,152.32666666666668,,65.91959013806705,,150.1,0.0043970686209193754,10.460000000000008,8.036666666666674,,
QCOM,2022-03-09 05:00:00+00:00,156.23,158.48,154.21,157.11,8924712,111457,156.680295,147.88,172.99,,,36.75826363998412,,27.684362113126248,,,156.6,,60.71594388560157,,150.76,0.04211992570973755,7.719999999999999,8.162916666666675,,
QCOM,2022-03-10 05:00:00+00:00,154.05,155.3,150.33,154.71,8664042,116247,153.603749,147.88,172.99,,,27.200318598168096,,22.601585986860037,,,153.4466666666667,,54.58730749506905,,157.11,-0.015275921329005238,6.780000000000001,8.197916666666673,,
SHOP,2022-02-10 05:00:00+00:00,894.48,932.54,885.0,893.34,1864142,70320,904.870597,,,,,,,,,,903.6266666666667,,61.80524556213018,,,,,,,
SHOP,2022-02-11 05:00:00+00:00,894.95,905.99,835.01,854.0,1281334,59274,865.938183,,,,,,,,,,865.0,,105.7667311637081,,893.34,-0.04403698479862095,70.98000000000002,,,
SHOP,2022-02-14 05:00:00+00:00,847.5,871.13,835.51,847.45,1516407,50797,851.375403,,,,,,,,,,851.3633333333333,,148.65947544378702,,854.0,-0.007669789227166213,35.620000000000005,,,
SHOP,2022-02-15 05:00:00+00:00,863.0,891.3477,843.14,889.5,1678832,62501,870.955866,,,,,,,,,,874.6625666666667,,188.09486804733726,,847.45,0.049619446575019044,48.207700000000045,,,
SHOP,2022-02-16 05:00:00+00:00,800.0,800.0,720.0,746.85,9828851,304716,742.618105,,,,,,,,,,755.6166666666667,,215.03261360946743,,889.5,-0.16037099494097806,169.5,,,
SHOP,2022-02-17 05:00:00+00:00,729.03,732.24,655.0001,660.0,6949389,234054,688.529157,,,,,,,,,,682.4133666666667,,233.23791538461543,,746.85,-0.11628841132757584,91.84990000000005,,,
SHOP,2022-02-18 05:00:00+00:00,663.54,683.48,640.4201,656.88,3909290,119344,664.252826,,,,,,,,,,660.2600333333334,,249.64198422090732,,660.0,-0.004727272727272691,43.05989999999997,,,
SHOP,2022-02-22 05:00:00+00:00,634.895,661.99,624.2701,626.16,3058321,98202,639.146799,,,,,,,,,,637.4733666666666,,261.7662303747535,,656.88,-0.04676653270003661,37.71990000000005,,,
SHOP,2022-02-23 05:00:00+00:00,636.72,659.8999,625.02,626.61,2357272,72718,636.908424,,,,,,,,,,637.1766333333334,,271.02408244575935,,626.16,0.0007186661556153329,34.87990000000002,,,
SHOP,2022-02-24 05:00:00+00:00,600.0,668.79,585.03,663.98,3540604,101109,631.667559,,,,,,,,,,639.2666666666667,,277.7826069033531,,626.61,0.059638371554874725,83.75999999999999,,,
SHOP,2022-02-25 05:00:00+00:00,677.28,684.65,642.96,676.95,2163417,67822,665.80382,,,,,,,,,,668.1866666666667,,283.0457283037475,,663.98,0.019533720895207773,41.68999999999994,,,
SHOP,2022-02-28 05:00:00+00:00,683.73,704.07,667.49,694.26,1631870,54652,686.205662,585.03,932.54,,,31.43218900175535,,,,,688.6066666666666,,286.098866469428,,676.95,0.025570573897629068,36.58000000000004,,,
SHOP,2022-03-01 05:00:00+00:00,683.225,711.175,670.66,673.44,1556370,50970,687.722234,585.03,905.99,,,27.545488534396835,,,,,685.0916666666667,,285.9118961538462,,694.26,-0.029988765015988128,40.514999999999986,61.196858333333346,,
SHOP,2022-03-02 05:00:00+00:00,675.34,677.98,635.41,659.83,2139022,59468,657.642849,585.03,891.3477,,,24.41909168161032,,,,,657.7399999999999,,281.65114871794873,,673.44,-0.020209669755286264,42.57000000000005,58.829358333333346,,
SHOP,2022-03-03 05:00:00+00:00,665.27,666.26,632.2,640.75,1514916,54614,643.022906,585.03,891.3477,,,18.190264552130035,,,,,646.4033333333333,,274.00588451676526,,659.83,-0.028916539108558292,34.059999999999945,58.69935833333334,,
SHOP,2022-03-04 05:00:00+00:00,641.7,650.94,591.5101,600.84,2740459,91537,605.006462,585.03,800.0,,,7.354514583430273,,21.788309670664574,,,614.4300333333334,,262.5608777120315,,640.75,-0.06228638314475221,59.42990000000009,59.63454166666668,,
SHOP,2022-03-07 05:00:00+00:00,599.49,606.07,557.3669,560.8,2676675,90917,569.416632,557.3669,732.24,,,1.9631950254212727,,15.89451087539776,,,574.7456333333333,,247.6538699211046,,600.84,-0.06664003728113987,48.70310000000006,49.56813333333335,,
SHOP,2022-03-08 05:00:00+00:00,554.07,554.99,511.2,514.95,4998297,137347,532.994751,511.2,711.175,,,1.8752344043005662,,10.760460049378505,,,527.0466666666667,,229.74921508875735,,560.8,-0.08175820256776023,49.599999999999966,46.04730833333334,,
SHOP,2022-03-09 05:00:00+00:00,543.78,594.89,534.07,587.65,3863776,98203,570.194013,511.2,711.175,,,38.22977872234029,,13.522597457524501,,,572.2033333333334,,211.14509783037477,,514.95,0.14117875521895318,79.93999999999994,49.12065000000001,,
SHOP,2022-03-10 05:00:00+00:00,567.2,571.9799,545.25,553.18,2944695,81012,558.13405,511.2,711.175,,,20.992624078009737,,14.083069362700439,,,556.8033,,190.44119428007883,,587.65,-0.05865736407725697,42.39999999999998,49.51065833333333,,
SPY,2022-02-10 05:00:00+00:00,451.4,457.71,447.2,449.32,136707627,1168961,452.925208,,,,,,,,,,451.41,,175.442683234714,,,,,,,
SPY,2022-02-11 05:00:00+00:00,449.34,451.605,438.94,440.46,148128349,1404317,444.190479,,,,,,,,,,443.66833333333335,,162.10191439842205,,449.32,-0.019718686014421838,12.66500000000002,,,
SPY,2022-02-14 05:00:00+00:00,439.92,441.6,435.34,439.02,118507055,1093417,438.915073,,,,,,,,,,438.65333333333336,,148.64708205128207,,440.46,-0.003269309358398087,6.260000000000048,,,
SPY,2022-02-15 05:00:00+00:00,443.8,446.28,443.18,446.1,86214317,726353,444.667161,,,,,,,,,,445.18666666666667,,134.78388678500986,,439.02,0.01612682793494602,7.259999999999991,,,
SPY,2022-02-16 05:00:00+00:00,443.97,448.055,441.94,446.6,80837488,755879,444.933046,,,,,,,,,,445.5316666666667,,121.4049688362919,,446.1,0.00112082492714638,6.115000000000009,,,
SPY,2022-02-17 05:00:00+00:00,443.42,446.5652,436.42,437.06,96723839,824571,440.088813,,,,,,,,,,440.01506666666666,,108.68743629191323,,446.6,-0.021361397223466194,10.180000000000007,,,
SPY,2022-02-18 05:00:00+00:00,437.38,438.66,431.82,434.23,127857744,1101247,435.262307,,,,,,,,,,434.90333333333336,,107.24287278106506,,437.06,-0.006475083512561208,6.840000000000032,,,
SPY,2022-02-22 05:00:00+00:00,431.99,435.5,425.86,429.57,120256973,1169538,430.723141,,,,,,,,,,430.31,,105.73257199211045,,434.23,-0.010731639914331126,9.639999999999986,,,
SPY,2022-02-23 05:00:00+00:00,432.62,433.26,421.35,421.95,125417608,1112641,426.017915,,,,,,,,,,425.52,,102.35885897435898,,429.57,-0.017738668901459587,11.909999999999968,,,
SPY,2022-02-24 05:00:00+00:00,411.01,428.76,410.64,427.99,213249029,2310796,419.738184,,,,,,,,,,422.4633333333333,,97.55681952662721,,421.95,0.014314492238416854,18.120000000000005,,,
SPY,2022-02-25 05:00:00+00:00,429.55,437.84,427.86,437.75,117217605,1086925,434.330855,,,,,,,,,,434.48333333333335,,95.56486429980276,,427.99,0.02280427112783001,9.979999999999961,,,
SPY,2022-02-28 05:00:00+00:00,432.09,438.2,430.7,436.63,139641894,1237593,434.582082,410.64,457.71,,,55.21563628638201,,,,,435.1766666666667,,94.76995897435896,,437.75,-0.002558537978298081,7.5,,,
SPY,2022-03-01 05:00:00+00:00,435.1,437.17,427.21,429.98,132857631,1350987,431.675336,410.64,451.605,,,47.21103380934949,,,,,431.4533333333334,,93.56189763313607,,436.63,-0.015230286512607827,9.960000000000036,9.702500000000006,,
SPY,2022-03-02 05:00:00+00:00,432.42,439.72,431.57,437.89,113504091,1192990,436.227698,410.64,448.055,,,72.83175197113452,,,,,436.39333333333326,,92.20647218934909,,429.98,0.018396204474626643,9.740000000000009,9.458750000000004,,
SPY,2022-03-03 05:00:00+00:00,440.39,441.11,433.8,435.71,99816064,993442,436.937317,410.64,448.055,,,67.00521181344375,,,,,436.8733333333334,,89.89763441814596,,437.89,-0.004978419237708143,7.310000000000002,9.54625,,
SPY,2022-03-04 05:00:00+00:00,432.03,433.37,427.88,432.17,108964209,1043164,430.912347,410.64,448.055,,,57.5437658693038,,59.961479949922726,,,431.14000000000004,,86.4742587771203,,435.71,-0.008124670078721974,7.829999999999984,9.59375,,
SPY,2022-03-07 05:00:00+00:00,431.44,432.3018,419.36,419.43,131262026,1390460,424.067609,410.64,446.5652,,,24.467504704218808,,53.81185363349009,,,423.69726666666674,,80.56298747534514,,432.17,-0.029479140153180428,12.9418,10.16265,,
SPY,2022-03-08 05:00:00+00:00,419.725,427.21,415.12,416.25,158890009,1864071,419.755053,410.64,441.11,,,18.411552346570424,,48.05195734093427,,,419.52666666666664,,72.21629013806704,,419.43,-0.00758171804591945,12.089999999999975,10.321816666666663,,
SPY,2022-03-09 05:00:00+00:00,425.16,429.51,422.83,427.41,110780810,1086809,426.1304,410.64,441.11,,,55.037742041352224,,44.493155354977816,,,426.5833333333333,,62.328848224852045,,416.25,0.026810810810810937,13.259999999999991,10.85681666666666,,
SPY,2022-03-10 05:00:00+00:00,422.73,426.43,420.44,425.48,91933914,891241,423.871044,410.64,441.11,,,48.7036429274697,,40.832841577783,,,424.1166666666666,,52.57399999999997,,427.41,-0.00451557052946816,6.970000000000027,10.634316666666663,,
TFII,2022-02-10 05:00:00+00:00,108.05,109.38,107.56,108.99,342373,5354,108.80887,,,,,,,,,,108.64333333333333,,47.12054832347144,,,,,,,
TFII,2022-02-11 05:00:00+00:00,109.27,109.725,106.73,107.07,829711,6292,107.522266,,,,,,,,,,107.84166666666665,,51.115141617357004,,108.99,-0.01761629507294249,2.9949999999999903,,,
TFII,2022-02-14 05:00:00+00:00,106.89,108.69,106.64,106.83,258729,4140,107.115118,,,,,,,,,,107.38666666666666,,69.67582416173569,,107.07,-0.0022415242364807186,2.049999999999997,,,
TFII,2022-02-15 05:00:00+00:00,108.23,109.7263,106.79,107.12,270549,5296,107.605824,,,,,,,,,,107.87876666666666,,87.94656706114394,,106.83,0.002714593279041555,2.9362999999999886,,,
TFII,2022-02-16 05:00:00+00:00,106.65,107.12,103.54,105.23,218156,4506,105.037652,,,,,,,,,,105.29666666666668,,103.22945483234709,,107.12,-0.017643764002987283,3.5799999999999983,,,
TFII,2022-02-17 05:00:00+00:00,104.62,105.38,103.675,103.85,190992,3597,104.234988,,,,,,,,,,104.30166666666666,,116.08183037475342,,105.23,-0.013114130951249692,1.7049999999999983,,,
TFII,2022-02-18 05:00:00+00:00,103.5,104.235,102.105,102.28,97116,2573,102.711721,,,,,,,,,,102.87333333333333,,128.5196738658777,,103.85,-0.015117958594126124,2.1299999999999955,,,
TFII,2022-02-22 05:00:00+00:00,101.6,102.58,100.37,100.62,151069,3529,101.044114,,,,,,,,,,101.19,,139.16804990138067,,102.28,-0.016229956980836846,2.2099999999999937,,,
TFII,2022-02-23 05:00:00+00:00,101.76,102.79,100.27,100.49,132761,2774,101.211061,,,,,,,,,,101.18333333333334,,147.92379773175543,,100.62,-0.0012919896640828377,2.5200000000000102,,,
TFII,2022-02-24 05:00:00+00:00,97.41,101.95,96.83,101.77,233179,4448,100.369494,,,,,,,,,,100.18333333333334,,154.53672504930967,,100.49,0.012737585829435849,5.1200000000000045,,,
TFII,2022-02-25 05:00:00+00:00,102.34,104.38,101.645,103.45,191979,3880,103.321471,,,,,,,,,,103.15833333333332,,158.96495808678497,,101.77,0.01650781173233762,2.7349999999999994,,,
TFII,2022-02-28 05:00:00+00:00,103.47,104.58,102.96,104.29,195732,4185,103.757945,96.83,109.7263,,,57.84604886672929,,,,,103.94333333333333,,161.53065424063118,,103.45,0.008119864668922228,1.6200000000000045,,,
TFII,2022-03-01 05:00:00+00:00,104.49,105.49,102.34,103.0,118373,3535,103.698131,96.83,109.7263,,,47.84317982677205,,,,,103.61,,162.3171858974359,,104.29,-0.01236935468405409,3.1499999999999915,2.7292749999999977,,
TFII,2022-03-02 05:00:00+00:00,104.35,106.47,103.16,106.04,137070,3321,105.666967,96.83,109.7263,,,71.41583244806658,,,,,105.22333333333334,,161.2763802761341,,103.0,0.02951456310679612,3.469999999999999,2.768858333333332,,
TFII,2022-03-03 05:00:00+00:00,107.06,108.45,105.51,105.87,169551,3466,106.68784,96.83,109.7263,,,70.09762490016523,,,,,106.61000000000001,,158.47943067061144,,106.04,-0.0016031686156167124,2.9399999999999977,2.8430249999999986,,
TFII,2022-03-04 05:00:00+00:00,105.34,105.835,101.38,103.25,244457,3278,102.60039,96.83,108.45,,,55.24956970740102,,60.490451149826846,,,103.48833333333333,,154.03249092702166,,105.87,-0.024747331633135028,4.490000000000009,2.9725,,
TFII,2022-03-07 05:00:00+00:00,102.93,103.16,94.49,94.9,265689,4846,96.803337,94.49,108.45,,,2.936962750716408,,49.50863392662427,,,97.51666666666665,,147.2525778106509,,103.25,-0.08087167070217915,8.760000000000005,3.4041666666666672,,
TFII,2022-03-08 05:00:00+00:00,94.57,94.9,89.735,90.91,269789,5472,91.416442,89.735,108.45,,,6.278386321132764,,41.19567522549641,,,91.84833333333331,,138.57601775147936,,94.9,-0.042044257112750394,5.165000000000006,3.6925000000000012,,
TFII,2022-03-09 05:00:00+00:00,92.96,95.76,92.1,95.41,227143,4057,93.848167,89.735,108.45,,,30.323270104194478,,32.977162756721995,,,94.42333333333333,,128.02390049309662,,90.91,0.04949950500495004,4.8500000000000085,3.919166666666669,,
TFII,2022-03-10 05:00:00+00:00,93.7,95.66,93.3901,95.03,129462,2945,94.829584,89.735,108.45,,,28.29281325140262,,24.61620042696947,,,94.69336666666668,,115.18042169625247,,95.41,-0.003982811026097877,2.2698999999999927,3.924158333333336,,
